dim_0,dim_1,dim_2,dim_3,cluster
0.3712393853299485,0.6551178038456089,-0.0166973302378404,0.5962020140684277,5
0.3891390044426927,0.6613012340538997,-0.0196971198965573,0.5805070403911711,5
0.39564979360194,0.664612698890549,-0.1334720311983994,0.5501919150045278,5
0.4280394705343081,0.6826941496686314,-0.0910548845496985,0.4738411262039659,5
0.4028695951857015,0.6879537288710549,-0.0380991104773492,0.3146967255021246,5
0.3901542241060966,0.6782343127002255,-0.032249627838699,0.2917887038356206,5
0.4121894121002531,0.6994363898451628,-0.0304451588095164,0.2005020138783911,2
0.415691816690626,0.7143227464822943,0.1898355714138772,0.1718347193038743,2
0.4008864336547341,0.6655536449376762,-0.1004371021732192,0.3659838398013237,5
0.4169104030842346,0.6644264168131353,-0.0767041346635092,0.4975749024680169,5
0.4317992635619312,0.6855502116903862,-0.1169033084225704,0.413480383925953,5
0.3800956677057949,0.6594687696937358,-0.0232896604047563,0.5921543404089474,5
0.3883119622943558,0.6621316390319243,-0.0217913462800304,0.6052860860618939,5
0.3926736492106721,0.66130668341092,-0.1423835300316474,0.5601713158691161,5
0.416594128150735,0.679523754737779,-0.0863337777807309,0.4284661541542909,5
0.426154134005726,0.6916291953438232,-0.0955117701049015,0.3433492544356811,5
0.3983343944640792,0.6813304704831977,-0.0543768760127514,0.2926052007565668,5
0.3944722852124018,0.6954553174739244,0.0234948786221115,0.1740108797094604,2
0.4199397818517488,0.7187450301943823,0.1938950636660159,0.166201491789649,2
0.4181218638838967,0.673916906313746,-0.1305816021292863,0.3275397445866322,5
0.4087696731788838,0.6606032027509694,-0.070181334577164,0.5080371938812775,5
0.4400683404206124,0.6945540628926774,-0.121762459866655,0.4193910989795286,5
0.3862762485321744,0.6640437844372089,-0.0103660891067752,0.5869379338976032,5
0.4083497584050008,0.6729390762457816,-0.0606942029203039,0.5813373913631636,5
0.3962386798223133,0.6610813331430503,-0.150101736927372,0.5706208915881725,5
0.4294169500493622,0.6852999758740022,-0.0912960808138344,0.4559409901707337,5
0.4237153207472908,0.6863964548250587,-0.1038398669999294,0.3715987126783756,5
0.3796492737033214,0.6703258406852468,-0.0841417576298486,0.2701701797590193,5
0.3529451899020114,0.6812479682240413,0.0318382883529578,0.1155678615732523,2
0.4156336737206167,0.7164528568725359,0.1730017825376721,0.1495108176969287,2
0.4257674962018646,0.6803103988384152,-0.1024232813567737,0.371005704851814,5
0.3949307437860781,0.6517737999616076,-0.0444554184209999,0.5122821365431833,5
0.4370235740133307,0.6927313129391837,-0.11440273548467,0.4386623034963838,5
0.3923537360116448,0.6674806044816153,-0.0209274398461055,0.5823134746279386,5
0.4204046317537667,0.6793996595058243,-0.0622020747091863,0.5766825328645658,5
0.3956193068102159,0.6616798042456016,-0.1466722776585158,0.5828847628427989,5
0.4245978095571366,0.6777827281565334,-0.1055391337231818,0.479696349051723,5
0.4128937592001784,0.6769348588915527,-0.0887048646597314,0.3995810744964244,5
0.3403518277125639,0.6508956993458743,-0.0814403264998269,0.2379162612889883,5
0.3776689025755478,0.6911825976744215,0.0259223326263881,0.1509148836131329,2
0.3494429284203742,0.6855627902810766,0.2271321218971946,0.056510660106154,2
0.4379255821721353,0.6911751451201926,-0.0859712687433645,0.3764624645731219,5
0.4054980756137987,0.6573105717211267,-0.0742094956163278,0.4848578266199032,5
0.4342661656787137,0.6900270184183905,-0.1206582785040541,0.4569071583715538,5
0.3973250123920082,0.6693977330335747,-0.0496406051561319,0.5776416870046195,5
0.4162533838990063,0.6768353564870746,-0.0727945635459708,0.5707582765137373,5
0.3903534238889238,0.6605857077141537,-0.1230677185991333,0.5794001978537239,5
0.4188294303815461,0.6743532657156361,-0.1049974249534759,0.5049788128702599,5
0.3880877254779175,0.6618495137093063,-0.0693063952470413,0.392683588981695,5
0.3240537222859712,0.6393811619897742,-0.090712826790729,0.2352286533720223,5
0.4002044306518498,0.6984891691426549,-0.0119917144416412,0.1832419820307333,2
0.4066371919959413,0.7099450621497123,0.1054234886914899,0.1025556001582875,2
0.4333332896884538,0.6914955837423151,-0.0614884921301278,0.3879418208343068,5
0.4202778207515291,0.6652088683916912,-0.1150491899473588,0.4906025475098716,5
0.4426160008415751,0.6994178253186196,-0.1081266160516899,0.4322831606546302,5
0.3983399157001342,0.6697161068805264,-0.0602318903757504,0.5915478012757021,5
0.4009491963768198,0.6662621094133172,-0.078336186570451,0.5712422756791051,5
0.3898008751465353,0.6611981182977287,-0.114031167647178,0.5771700180325713,5
0.4111133184363795,0.674435932662734,-0.0793655688420623,0.4953106644378501,5
0.3778565860233784,0.6528373374636525,-0.070030919519416,0.4179247892573265,5
0.3534684338359357,0.6494070551563573,-0.0851449658786205,0.2654948740093192,5
0.401591482506495,0.6910912443823478,-0.0685260833282,0.2018012633041729,2
0.4019088535359899,0.7089376126142439,0.0698689737381962,0.0826159776297104,2
0.4153192586121328,0.6810311554348796,-0.0585483157235005,0.4523998420854643,5
0.4173910824037399,0.66270723006516,-0.126644102718803,0.5141051592644671,5
0.4438783257629706,0.700528837879796,-0.1084334455358174,0.4313094182332223,5
0.2660647958095802,0.6086136226472774,-0.1291877452808102,-0.2375892882198784,7
0.4419585491546681,0.7201836044458365,-0.1480528722472342,-0.2277902115473636,7
0.3581094019106007,0.6656399346818698,-0.1556913489776961,-0.2209577430409907,7
0.3455529461231344,0.6556092333437205,-0.1431027559997368,-0.2458992420222113,7
0.3618499029724366,0.6795554247578508,-0.0122562195681791,-0.5026658436869309,7
0.3262823770048065,0.666281451459179,0.1356896815899805,-0.5150728541501131,7
0.3211187855113179,0.6482822039090492,-0.1480838968493344,-0.5986193582677237,7
0.2569764274417638,0.6335391327028574,0.0052986647628861,-0.71210028878856,7
0.2918147824871884,0.636794619321301,0.1493501834207175,-0.5927657729494771,7
0.2854570455999332,0.6210060332043796,0.0956193671653695,-0.4476992921474101,7
0.3182099646649971,0.6439641873999387,-0.0296009311605113,-0.4070028725797973,7
0.2536768248780944,0.6093594189925629,-0.079013226324298,-0.2635357795077181,7
0.4313723153318821,0.707612604212839,-0.1960334789395395,-0.1929484208746316,7
0.3695428739458847,0.6724585751671284,-0.170183293902266,-0.215036510875092,7
0.3499437852126704,0.6589927434980849,-0.1309213885659152,-0.2711357876236495,7
0.3660467853137735,0.6747725837236205,-0.0850611179156536,-0.4736214337083786,7
0.3171042584687309,0.6630818717322642,0.0928494182079417,-0.5571537066706237,7
0.3639488156947132,0.6730846255370233,-0.0313650031994378,-0.5866874490914326,7
0.2633645801558006,0.6323100994890858,-0.0804849773213929,-0.701096439819525,7
0.2750612835986813,0.6281351184708788,0.0886930406818291,-0.6197652854207282,7
0.3152350575097012,0.6321414614920653,0.0656638590462104,-0.4491896564379291,7
0.2993059732769612,0.6405382743507815,-0.0176433595015249,-0.3905003369683298,7
0.2369485457899666,0.5984194841120702,-0.0326124580866659,-0.2653165210528234,7
0.4250872161600073,0.6994421338830166,-0.2137466057405517,-0.1664984826228879,7
0.3654483240287324,0.6674936882144085,-0.167621696480216,-0.194265608495225,7
0.3555814199799252,0.6607260515385693,-0.1456367126245308,-0.2806094153728418,7
0.3621853907829087,0.6705763105294924,-0.1048277434983004,-0.4586294892093048,7
0.3168944547734364,0.6666098021614033,0.1279587600575588,-0.518856910724476,7
0.3753576450247499,0.6770483885452796,-0.0399993501546557,-0.5621526512006608,7
0.2687367029137437,0.6319771387724704,-0.1589978924293354,-0.6758641702831256,7
0.2647588310365962,0.6288955602885005,0.115547504137603,-0.6153513173535823,7
0.3139795368335542,0.6315262707044389,0.0697489637701939,-0.4405013068451084,7
0.3025013882215115,0.6312448513493774,-0.1102162991810423,-0.3595480292682602,7
0.2101537110380595,0.5899623578538473,0.0419516563525326,-0.2577789479119275,7
0.4209556522150073,0.6972880451922361,-0.1941139361273871,-0.1472421298770174,7
0.368632271128233,0.6695680658130199,-0.1516995497585421,-0.189444757209365,7
0.3526447041222452,0.6553126918668228,-0.1564403252550181,-0.2688170252017933,7
0.3631836470341918,0.6650666944909873,-0.1601966404428451,-0.449736413612169,7
0.3373350274857701,0.6738769236773172,0.1286044688498852,-0.4963533824006299,7
0.3615671801185771,0.6743398633051272,0.0224866959524767,-0.5884108682651072,7
0.2580959926207959,0.6372465640396521,-0.0885377475254582,-0.7098666663378128,7
0.2823994452056405,0.6373984536939052,0.11282349656319,-0.5873271356098009,7
0.2924209163872344,0.6238937487842953,0.0810480118438223,-0.5034691271338929,7
0.3527325043829726,0.6481257234070932,-0.1511726402689632,-0.3317500407294099,7
0.200367665457557,0.5907678787183652,0.0998347624294295,-0.2384514939970873,7
0.4152685237499995,0.690396866179599,-0.1987089486864945,-0.1314469779386509,7
0.3693682854128505,0.6726079612749878,-0.1656014948593382,-0.2157858607082636,7
0.3425982692070015,0.6473742818769215,-0.1535096751537218,-0.2660449637992057,7
0.3649576120433241,0.6526707073232307,-0.2549872642957632,-0.4039876633852865,7
0.3489197365067567,0.6759027462879743,0.0986073307584462,-0.4998428375519469,7
0.3542910306442994,0.6737204630263687,0.0605387740260581,-0.6124455833215245,7
0.2448088187800931,0.6327122705864516,0.0103784875273578,-0.7499190254987075,7
0.3010287406513049,0.6407260603082152,0.0028946655401801,-0.5893862479171567,7
0.2588786245979095,0.6064170024742719,0.0441135200673792,-0.5473625861433303,7
0.3473509985039512,0.6510899873444536,-0.1011204771963735,-0.3645957639823037,7
0.2038326891688018,0.5899492489431819,0.0378668786331155,-0.1898145916844299,7
0.4050809441549661,0.6800644913812577,-0.188157064257194,-0.1255587769141128,7
0.3814724377256899,0.6855921084877097,-0.1522178700070817,-0.2516287982972504,7
0.3399156929143682,0.6450014735952934,-0.1589019454559079,-0.2501014030693775,7
0.3443691656729676,0.6451273147041179,-0.2869287612247445,-0.448907496307999,7
0.3574227724682022,0.6759496118024404,0.0187791615891653,-0.4968341972744062,7
0.354790513482403,0.6704267597923992,-0.0616704846567803,-0.6232796830077993,7
0.2478852201236984,0.6287824580016586,0.0115403515447116,-0.7644477902496494,7
0.3100566363736126,0.6257750633968597,-0.1362235568106886,-0.538904015482566,7
0.241023542877914,0.5936153514093507,-0.0677635995709782,-0.5362413129787691,7
0.3383110689363304,0.6496679337593485,-0.1070864022713737,-0.405773487762066,7
0.462915993813239,0.6957894193781893,-0.2099141694344638,0.8967739727856453,5
0.4748655123894185,0.713733210522526,-0.0874322884614638,0.7004464798144527,5
0.4290697739357258,0.6904768834309385,0.0686659949204001,0.6679942942696462,5
0.4070739504407342,0.6913476042993898,0.116587254032992,0.4968095779902,5
0.3946960725020818,0.7082051655930854,0.3182144338385824,0.3095684680362577,2
0.3897867227685537,0.7002553648841028,0.2730099080726265,0.3916812082762724,2
0.3899686042254696,0.7143799808945019,0.4035388620949242,0.2475996543981889,2
0.364908610149603,0.6962847515306221,0.3285988808544034,0.0640937573084933,2
0.3772790864505792,0.7028980091172188,0.3518823674336491,0.2339711009739468,2
0.4012251548040612,0.6961397445649615,0.2154734749113939,0.1231455752610815,2
0.4402142426592019,0.707983961431502,0.1137553345123628,0.4536760810782159,5
0.4433700736573637,0.6827960020086281,-0.1774658028638096,0.926303709681598,5
0.4752691193238067,0.7139191069931781,-0.0750187851821722,0.7083403039984499,5
0.441458184663657,0.6985948836027602,0.0470035271552938,0.6585139438783156,5
0.4169920784812972,0.6978784902807562,0.1470633801266115,0.5015810212183565,5
0.3968468689314092,0.7121846096577809,0.3632742051714273,0.3179919361306491,2
0.3917326966991167,0.7002881667446395,0.2474755739484772,0.3868164477829038,2
0.3791872298573274,0.7088945713178472,0.4598657823728586,0.2518080422693652,2
0.3674772007162855,0.6956006528544698,0.305078683990868,0.0533777280941535,2
0.3528649309885271,0.6841626986114968,0.4206300597670959,0.290438338211676,2
0.3852012377654949,0.6898292743049619,0.2657026059049457,0.1205990626900521,2
0.4491368364614796,0.7169200876187185,0.2060516894345115,0.4527853827963123,5
0.4471825511467553,0.6837210572907648,-0.1840751124773259,0.9312953946673947,5
0.4788450438208746,0.718677355047963,-0.0609257278470479,0.6948402768912345,5
0.4451415762681894,0.7014693912789931,0.0571833976000893,0.6613445893297868,5
0.4221217518365374,0.7027699708680302,0.1738070742890554,0.4969651432982107,5
0.3977959453361007,0.7132261156917381,0.3815963670052745,0.3216515246259622,2
0.3920681990439402,0.7022921744142545,0.2741328357540372,0.3788006002239117,2
0.3679130095809588,0.7011577107692339,0.5451887230203782,0.3061178817610323,2
0.3708894020009526,0.6967480060906728,0.2641837753208412,0.0545611527357255,2
0.3848197205158288,0.6957207350281904,0.370824792498436,0.3205334600980233,2
0.3439500142153437,0.6686363157961361,0.3173262462079392,0.0899718185938721,2
0.4599333466783831,0.7214322117332483,0.185511831430545,0.4542585271635311,5
0.4474066836793561,0.6868685780528407,-0.1825937701626132,0.9137086132442584,5
0.4798932679149973,0.7206129495789262,-0.055466305528962,0.6932692188446861,5
0.4479974006311066,0.7051628230748834,0.0666781858567378,0.648011644884934,5
0.4196476026521331,0.7027772518055222,0.1971899537923905,0.4833945364292193,5
0.3925962270502123,0.7109942988163771,0.428607513523736,0.3292085095966827,2
0.3979707768299098,0.7046096640192983,0.29956977897615,0.4110039977601611,2
0.3812432074494441,0.7092214521357545,0.5331821326215136,0.3153360040139429,2
0.3739275641285555,0.702994194045226,0.2880416981066335,0.0621039688100567,2
0.4408173723548504,0.7180241782354273,0.2585972402600651,0.3296860124762439,2
0.332815628542344,0.6614415677958925,0.3654826379491114,0.0941652068342972,2
0.4787919070791481,0.7310372226518407,0.1274278107007583,0.450497716651595,5
0.4586833289930709,0.6949568661949796,-0.2046084811948748,0.8990362346488897,5
0.4854986598891438,0.7213799806327597,-0.046870940569734,0.7160970818514543,5
0.4579652915578446,0.7095949902886258,0.0593458404639069,0.65662047251776,5
0.4160842160018802,0.7010226377850421,0.2052890486135842,0.4909789257736968,5
0.4012775868980836,0.7142357880235348,0.4316691541556915,0.3442436529989027,2
0.410353322780938,0.7080882469434571,0.2618883920055488,0.4494779156365197,2
0.3847121043314841,0.7129674400268029,0.4845993860069599,0.2966061065000068,2
0.381565272864422,0.7085121849608325,0.3299548253576166,0.1220615396059709,2
0.4485643736339166,0.7193154940891668,0.2069777145444566,0.3170148334056419,2
0.3259411208766913,0.6602930915468912,0.3790583061537918,0.099935599706236,2
0.4806784726519368,0.7313422350730114,0.0906442576946451,0.4519865170202684,5
0.4770013781622156,0.706888261816164,-0.232319413302623,0.8952433148590903,5
0.4857140038547811,0.7200563188703168,-0.0250927398213916,0.7317194132437081,5
0.4522281169121384,0.7033650834467,0.09192362714528,0.6891459776857483,5
0.4171092658148413,0.69991209253496,0.1959469746135185,0.5107574299091903,5
0.3980799019580162,0.7103578970613711,0.4272576774299718,0.3646510059115898,2
0.4039297300612335,0.7020222114250485,0.2406524199372518,0.4561912254798912,2
0.3827607882869245,0.7119610834924059,0.453675246967281,0.2861366794575706,2
0.3713921948134344,0.7033058449795617,0.3405526127635785,0.0809587304759232,2
0.4611854924079171,0.7259566872078502,0.1856620772192286,0.3593206045523411,2
0.3257475862193756,0.6629842789518172,0.343704211555062,0.0793247565130313,2
0.4681353941794545,0.7275904470054706,0.1053391463425308,0.4520698201183435,5
0.4825342326678662,0.7327735319336419,0.0236252967007343,0.1545078397398809,2
0.4481529272649051,0.7166664068435142,0.056016988382736,0.0134319450806233,2
0.3419730110016462,0.6597173993329235,0.0699636823330456,-0.0414210885281224,2
0.3268119850412089,0.6542380558954071,0.1595172370757404,-0.2117696598968846,7
0.3671509789037395,0.693309116190006,0.1725565191945927,-0.3351121452449882,7
0.36024476169713,0.6893073388630271,0.2306643845510314,-0.291499778174961,9
0.3796565668019518,0.713787617840054,0.6076222904118251,-0.4009093918840154,9
0.3488035995002612,0.7003477379071144,0.8765134679317246,-0.2890067157078447,9
0.3842805946215575,0.7042894182294941,0.3878815296925815,-0.3077692545453386,9
0.3781533047463706,0.6888516026189377,0.3849310016934974,-0.1808898729190225,9
0.3865013618584169,0.7050797591375804,0.3848264952864269,-0.1921568891982634,9
0.4859385282991534,0.7343641395007305,0.0180846580364154,0.1666997510793883,2
0.4574922714607988,0.724251660186531,0.0669880247381001,0.0074796358188437,2
0.3709878910375131,0.6735506799013404,0.0826099691176773,-0.0284365091262583,2
0.3435389438662671,0.6623840187871761,0.1437080197668536,-0.1862071017917952,7
0.3704843563649349,0.7021749842002349,0.2468807361758964,-0.3358600912278612,9
0.3801246059335004,0.7017479573454779,0.2410441438850409,-0.2982129310691679,9
0.365374166214319,0.7085686560049389,0.6940998474620703,-0.3779073235525029,9
0.3365962301556508,0.69541667722519,0.908087680958606,-0.2800115712940051,9
0.3684634615195521,0.7026658039346052,0.5238873404815294,-0.2994308051334199,9
0.3778248363294161,0.6865202835400772,0.3589098489608409,-0.1921727945463766,9
0.3888037185240763,0.7068642987764504,0.3726185268414808,-0.1982984946648573,9
0.479345589287356,0.7291597976122759,0.0162150989631585,0.1880136027268591,2
0.4571696148527462,0.7236808608477794,0.0660441632246958,0.01000121165699,2
0.3770066751701851,0.6765094588109577,0.0887669712575009,0.0033923086018449,2
0.3322586785203446,0.6591543983297592,0.1435866172929167,-0.2044232041171946,7
0.355455459588852,0.7050000393627258,0.3843811486464004,-0.3450594112962427,9
0.393536863462233,0.7142961789034386,0.2726250663170326,-0.2751600464197,9
0.3404126567608408,0.6926717046516708,0.8122085270854416,-0.3308587685117298,9
0.3338028309695915,0.6941051783220284,0.886528807795419,-0.2908637132640229,9
0.3553585190797715,0.6981879837313032,0.5751916476322882,-0.2579046821193292,9
0.3705180512825364,0.6801834730473642,0.3628627947329553,-0.2011303056377754,9
0.3854024200124106,0.7056492277875728,0.3765216956714171,-0.1927824635249905,9
0.4725097377703008,0.7250634438382058,0.0298486998347016,0.2058866181405428,2
0.458288542538353,0.7242860185632389,0.0627857713811801,0.0095017659458342,2
0.3711055388624153,0.6739912905291183,0.1089124472969358,0.0175142594947519,2
0.3262645007629862,0.6561725380905463,0.1363484418132019,-0.2170679092907622,7
0.345656755841928,0.7055344766715723,0.4600774766286378,-0.344741963381322,9
0.4012424479059908,0.7215815068392257,0.2907849094111257,-0.300207031180482,9
0.324398926422874,0.6799432023031062,0.8691372747170056,-0.2748849787661214,9
0.3376386587447538,0.6939457949246013,0.9169347730383994,-0.2913939259645199,9
0.3647222023328988,0.7018560488973486,0.5063143133269234,-0.2384585285149815,9
0.3643423857766134,0.6753377749566645,0.3755738114950257,-0.2102662126250513,9
0.383520224118718,0.7026511814898486,0.3680801199391177,-0.1897119516157085,9
0.4672244340793235,0.722469640837252,0.0345685899790506,0.2085064214860933,2
0.4583414210783141,0.7246366203935704,0.0722839304888007,0.0132663157656626,2
0.368406681648758,0.6723252533515784,0.1172922837568126,0.028134837873773,2
0.3688490373682306,0.6765529875056551,0.1832013123905497,-0.1700024371324554,7
0.3406459747556965,0.7042079807420663,0.4353197343937339,-0.3528756665784809,9
0.4022897169780068,0.7238653999914113,0.3557924095759965,-0.2811484691986226,9
0.3186603638410285,0.6773092475765929,0.8662596563468008,-0.2370235045214619,9
0.3439991063392214,0.6997019188217759,0.906764256615477,-0.2927498095626061,9
0.3656140909131289,0.7029401967243156,0.4861816532015136,-0.2120275814248696,9
0.3639935733925959,0.6757739869490287,0.3718556202882927,-0.2136251137152428,9
0.3787930784390999,0.6993655815082447,0.3522271379866212,-0.1904807572402035,9
0.4660638155542433,0.7214663180310532,0.0353326701004015,0.2146950020955266,2
0.4577212306666039,0.725227920780114,0.0779108701236392,0.0162211230270835,2
0.3777032736499591,0.678003305557288,0.0852292399062216,0.0258987305774034,2
0.3827814971385905,0.683163516640066,0.1948760745182181,-0.1066173002763671,2
0.3362737539963119,0.7031437306860417,0.4385553723451394,-0.3581713384662164,9
0.4009571473312472,0.7223175932398516,0.3894126568880774,-0.2290016614987485,9
0.3397474416265491,0.6946247368995784,0.7943110636891273,-0.2529473632020415,9
0.3451035721144088,0.7037758658518494,0.9046723429037712,-0.2839136003294826,9
0.3678249700270113,0.7005743633738042,0.4092803427388373,-0.1557798407825765,9
0.3649907096762803,0.6740600971869084,0.3340252912581382,-0.2310350145600243,9
0.3779003253939172,0.696483399352211,0.3324081038617902,-0.1912594304226131,9
-0.734528213250252,0.3131502577079131,0.2893093219550073,0.2934022841606352,8
-0.7829862205077175,0.2917208819498342,0.3227511451619519,0.0931039248240997,8
-0.7624829479003058,0.3243873859404452,0.3397552570321787,-0.0129843084456487,8
-0.7471683870748119,0.3326562246183802,0.0182327883295757,-0.0617751262386546,4
-0.7272378319841057,0.3366456286995599,-0.2006856476217091,-0.2066659997985158,4
-0.7741228096861749,0.3136505307136598,-0.1607512439075764,-0.1432740411201084,0
-0.6945741026973984,0.3844095920960575,-0.0024274563447366,-0.3566458089987565,4
-0.7135241150294662,0.3608796766985322,-0.1184941194240456,-0.4236856490757757,4
-0.7229679390208905,0.3136277415125051,-0.2833938637461869,-0.1772824434223027,0
-0.7634392215049977,0.3015141659258833,-0.08711459155719,-0.1433175110311895,4
-0.73219162109513,0.335738125782448,-0.1587452787165492,-0.0870702724159072,0
-0.7340857696584006,0.3119529366935364,0.3204684346439714,0.2570115405367862,8
-0.785525175907776,0.2960166330828211,0.3604338104582794,0.0204706015449424,8
-0.7754660678947343,0.3132136991855447,0.3478206533037613,-0.0253888966238744,8
-0.7360263565875382,0.3377417750028216,0.0179601069396603,-0.0421706558242031,4
-0.7187278052470953,0.3342120288940293,-0.2239005679183269,-0.1660942919423014,0
-0.7479116957818529,0.322623615707897,-0.1848568775184028,-0.1226715105823125,0
-0.682182940571,0.3913872984666142,-0.054547155784564,-0.3509636871285765,4
-0.71566462976394,0.3519670398705716,-0.0996353241936628,-0.440405056718659,4
-0.7386509474655233,0.3051509589836352,-0.295245294632303,-0.1667890813164091,0
-0.7578373318090661,0.3063656465885662,-0.1260535355509889,-0.1553366406540243,4
-0.7399856216321348,0.330412589805212,-0.1552870632206066,-0.0688637639423342,0
-0.7367156499249794,0.3120910187263621,0.3818296205549877,0.2060574189205994,8
-0.7728336230300057,0.3049913002725104,0.3270943118580217,0.02718247192705,8
-0.7779497292728912,0.3129406281848635,0.3554682542634453,-0.0063150044362238,8
-0.746097284550395,0.3382068792084256,0.0550041710833035,-0.0821525465441566,4
-0.718172577443821,0.324256831892211,-0.2590219351630765,-0.1356815403604091,0
-0.7500350740780648,0.3128029681468663,-0.1565434098503384,-0.0546597038154823,0
-0.6972108110000879,0.3797262666903466,-0.034117456190168,-0.3643092753473531,4
-0.7031395580553361,0.35037990502299,-0.1855923127427465,-0.415028135926666,4
-0.725139874928094,0.3210704514346201,-0.2634108014334508,-0.1963316910380266,0
-0.7506539828708592,0.3101021051806742,-0.1683483549839307,-0.1575605496107068,4
-0.7498123275811661,0.3231724065680019,-0.1475523195030967,-0.0765761878998193,0
-0.7400097109931909,0.3116228418982293,0.3788167428558867,0.1832622493640125,8
-0.7666973276472475,0.3094304018678957,0.283047585152801,0.044797659094281,8
-0.768987906411978,0.3239662483001641,0.3983000196602586,-0.0336273556222573,8
-0.7532083835346848,0.3330847229547128,0.0286927473823381,-0.0780722410050807,4
-0.7202635656707301,0.3265615936387246,-0.2271984902435654,-0.0962983631609918,0
-0.7647963599680093,0.3001456808817989,-0.1351732447517518,-0.0039384253698483,0
-0.7262371280873228,0.3586409550146014,-0.0698117770267612,-0.3772518599755153,4
-0.7064061524653814,0.351485751791503,-0.1543912141854422,-0.4230359291107195,4
-0.7300492103219335,0.3207947701211584,-0.226763079765669,-0.2211585475438587,4
-0.746029215675579,0.3082332247298898,-0.1780844517987964,-0.1769959244976928,4
-0.7608835548402256,0.3206360215757289,-0.1304102549513099,-0.0740801530564204,0
-0.7587285662375798,0.2990133241863383,0.3878493363328649,0.143378684372519,8
-0.7942097231042857,0.2997853485005103,0.3203967028587347,-0.0134056669656423,8
-0.7667565544733714,0.3344925790045898,0.3856499618154286,-0.1782834304860724,4
-0.7463502101725592,0.3365853670742351,0.0174232787222319,-0.0575059597150757,4
-0.7378073239333844,0.3249657639294294,-0.2014374818682087,-0.1122365012003393,0
-0.7617166358424693,0.3026937351588045,-0.105227403092993,0.0357386452610133,0
-0.7494128445467845,0.3219659448664755,-0.2321165752138031,-0.3358736925639225,4
-0.7108847024362899,0.3505943580665783,-0.08975147502608,-0.4277790911069539,4
-0.7430545462644033,0.3135667328984659,-0.1887198633083359,-0.2423157590311174,4
-0.7446296417589495,0.307553483088819,-0.1948425314213806,-0.2156500459982059,4
-0.7647794056281862,0.3183276915641747,-0.1155334774031003,-0.0569312011869124,0
-0.7655074860476963,0.2950375555411831,0.4036316407706635,0.1317643489351044,8
-0.823695444840645,0.2910281475356663,0.3908529271392277,-0.0683561418793543,8
-0.7754598644940631,0.3229941305286172,0.3641613759102292,-0.1231217169015939,4
-0.7517006410740878,0.334226886775679,0.0372706396354221,-0.0672471539013188,4
-0.7307832853217164,0.3273858562152604,-0.2387401638555919,-0.1396891090486032,0
-0.7555259185210365,0.3096732149113111,-0.0446280501016277,0.0282069330649229,8
-0.7332022683234741,0.3266661868926703,-0.2636905117158046,-0.27759570401862,4
-0.7141110880215578,0.3542932781601733,-0.0595153509298605,-0.4356846656555685,4
-0.7423115210151376,0.312235423547433,-0.2202546690227866,-0.1824108573729016,0
-0.7251185638873714,0.3215692476136746,-0.1721551830074799,-0.264929479675404,4
-0.7572505191481446,0.3274841722405627,-0.092824254371683,-0.0772318666541447,0
-0.7864659957937006,0.2745085578496334,-0.2075984390621267,0.4590935956098093,8
-0.7697001679220666,0.2718250292086892,0.0087032841387824,0.4724609551547298,8
-0.7179417175315272,0.3090938761375498,-0.0448994829083567,0.4827435313854479,8
-0.737840997862766,0.313564348604174,-0.1325198612767358,0.2466833623978983,8
-0.6480992078054271,0.3706736973181912,-0.3943290166676841,0.1190905626792077,0
-0.6667721073588626,0.3490378514919277,-0.3235882104277898,0.2062201565843351,0
-0.6680717530325438,0.3546599967733547,-0.4814437534447093,0.0641450953980035,0
-0.6887640390568267,0.3552062065835558,-0.1794046306445497,-0.0626638998400186,0
-0.5717248045532428,0.3790621380804858,-0.546471370498526,0.3259439713361503,0
-0.718288509733304,0.2989088763222232,-0.4832408980666205,0.1397306794371782,0
-0.6054067127967062,0.3787394556070139,-0.3808442942587488,0.3422509578731417,0
-0.7930564704674316,0.2600891894206152,-0.223679331034853,0.4803340353676405,8
-0.7471624029782489,0.2805765621515387,-0.0967264048520303,0.5489702755839041,8
-0.7288847212852825,0.3039403914260983,-0.0642126452140192,0.4955245377671149,8
-0.7238173451887036,0.3206918535502403,-0.1324879929573174,0.2554760679686008,8
-0.6520637545287076,0.375571471634484,-0.3582415360494931,0.1013963974683488,0
-0.6534693546131779,0.3581483059039665,-0.3049871027450312,0.2018806522275062,0
-0.6741636490615439,0.3441546279546411,-0.5304471992180348,0.1131366310591167,0
-0.6779028328966821,0.3658646656948587,-0.1258640978979053,-0.0503353301753672,0
-0.5705005594299964,0.3939866249322277,-0.4285779465565682,0.2264276554374109,0
-0.7155666886908869,0.3030254879192683,-0.4929266203555255,0.1139744932018087,0
-0.6032837206727464,0.3835560630454979,-0.3562860123650923,0.3390604880832487,0
-0.8149326236132566,0.2569630560875298,-0.183118599592973,0.4641464451026552,8
-0.7408106330081873,0.288779928921528,-0.1334340009883784,0.5806940398732874,8
-0.7517189786717677,0.2926941663828908,-0.0280141266796051,0.4824410894590653,8
-0.7234603677696652,0.3177975775828175,-0.1472865487352206,0.2615895301347276,8
-0.6619754700818081,0.366346553347402,-0.3930648119450465,0.1061736672216056,0
-0.6393221150811034,0.3676828897485132,-0.3161785087964139,0.2116735551369356,0
-0.6656767071746313,0.3497055867643722,-0.5584834427482275,0.1091510947300903,0
-0.6511817975831966,0.375480391312992,-0.1828061219015257,-0.0307062351578291,0
-0.5708828299948485,0.3946841400758789,-0.4287277877940686,0.266700426037359,0
-0.6884505630831017,0.3202901893332638,-0.4756744729743848,0.0532395061525962,0
-0.606985347220518,0.381932372013297,-0.3356205175476755,0.3257876177188539,0
-0.8352206453683031,0.2541793213328072,-0.1278969920773934,0.4208315060065302,8
-0.7266187380191452,0.2976637710016545,-0.1808567062544461,0.5947063163549603,8
-0.7703738422593999,0.2834489550562462,0.0205804205730667,0.4544293896881727,8
-0.7432580100993135,0.3072252611918076,-0.1391124438822366,0.2239004498085704,8
-0.6615498209489485,0.3576195957330133,-0.4508006633375949,0.1110185497285608,0
-0.6257369153803953,0.3780401413943988,-0.3096459087148099,0.2416921018337498,0
-0.6581468681509003,0.3490924630290003,-0.550013177950667,0.1222818496233117,0
-0.6355691005987554,0.380524389000988,-0.2319365179445188,-0.0185773602833903,0
-0.5803812593739012,0.391628741172898,-0.3736814241859855,0.2419287870420404,0
-0.7287241659241502,0.3035667483194066,-0.4397076727492716,-0.024667514170549,0
-0.6018786499807247,0.3864654689342339,-0.3459149129351688,0.3102983404640209,0
-0.8314414520829927,0.2563805386659156,-0.1136425953182431,0.3894884406874187,8
-0.7213368118775382,0.3009529113951759,-0.2145077111631526,0.5965924756992615,8
-0.77901310455916,0.2805280359667768,4.581283929139257e-05,0.4571969217118999,8
-0.7373234001595638,0.3114232547741221,-0.1259378034389113,0.2244594086037192,8
-0.6468974601407809,0.3641737747929352,-0.4546221610338788,0.1168597904946396,0
-0.6309327700851203,0.3777233631216654,-0.2821367191370991,0.2889904766302814,0
-0.6698059767188007,0.3349123176946997,-0.5095525324878563,0.1458325471382633,0
-0.6408983237937249,0.3818796868573825,-0.1829900351643847,-0.0375361095603471,0
-0.5967484727011394,0.3857459826973923,-0.2754849070305836,0.2596383431210205,0
-0.7457827681443319,0.2947877298525667,-0.4290812586304079,-0.0469055168769578,0
-0.5981228179504097,0.391720826826256,-0.3346498441454123,0.2963852949651515,0
-0.8240379615109666,0.2570632136556243,-0.1224129965668768,0.3884899606211234,8
-0.7140383007836171,0.3085405945208056,-0.2450173524162519,0.576170404257813,8
-0.7734030824543394,0.282227514348558,-0.0577847461999399,0.4985709083476387,8
-0.7414088668451233,0.3105296799207468,-0.1120743268533949,0.2158394328000939,8
-0.6383441286562392,0.3685882745526705,-0.4633266113222543,0.1352892604649784,0
-0.6386961504009139,0.3723145668301021,-0.2842631455551467,0.3122955121913381,0
-0.6774556678030594,0.3350399585503698,-0.4217717149970119,0.1257392035727558,0
-0.6175823676311987,0.384203979035102,-0.3122733843387061,0.0028575183304512,0
-0.62784380493241,0.366587509072292,-0.1425577939326407,0.3427079452765262,8
-0.7254926607805969,0.3006825856199926,-0.4963072741168213,-0.0129489462322217,0
-0.6005985317297027,0.3904798453762392,-0.3348906527859058,0.2911918798496981,0
-0.7527445217319504,0.2868461199370022,-0.0188623019276656,0.3001069660240616,8
-0.7394368207873105,0.3026175448514411,-0.0852639109844564,0.3211106478185396,8
-0.7446537991719897,0.3137443755076977,0.1422272020935802,0.1833164732735613,8
-0.7727194869164706,0.3041967258320655,-0.1651539741048289,0.0232447057831711,0
-0.6943723202098018,0.3526675120044356,-0.3238995992349486,-0.0600379740295772,0
-0.7469193290615839,0.3129243803030078,-0.2832748536505385,-0.0246621727111259,0
-0.6427373770566044,0.4066567150355071,-0.1378272588324342,-0.1761092724080273,4
-0.6945734540656279,0.340794776152881,-0.4825668323281931,-0.2974412422960475,0
-0.7683467322298045,0.3103114363804015,-0.4517624272681164,-0.1221742416603919,0
-0.8584701978441813,0.2623171962172232,-0.213916557985692,-0.2177408926715631,4
-0.7552078886856146,0.3176117640094622,-0.2261331155001338,0.0728686195774609,0
-0.7732589449480907,0.2790911655815286,0.0153154836009646,0.2738678727675099,8
-0.740903743195533,0.3022314957828691,-0.0742708138186412,0.3128816992032932,8
-0.7519872734581108,0.3037378648807385,0.1188311482837279,0.2275147885841611,8
-0.7598536953921111,0.3132303566675141,-0.1633889071224683,0.004210972356681,0
-0.6837780717028479,0.3578555652500351,-0.3336075158132058,-0.0665638558010886,0
-0.7614631696717089,0.3036606133181055,-0.2512702754680188,0.0043524258098891,0
-0.6407110289942893,0.4090243612727586,-0.1040126749499518,-0.1935174867442239,4
-0.7187984273419379,0.3203534233796861,-0.5214311188153229,-0.242758362359274,0
-0.7642408076937648,0.3156837170952494,-0.4029716870573071,-0.1413633446047728,0
-0.8542764649103125,0.2630225629192307,-0.2562043461869917,-0.1941158992763218,0
-0.7858949106487123,0.2949052145783998,-0.2189445122328194,0.0799527217948946,0
-0.7842649825020753,0.2722753312034834,0.0305746863081612,0.2804100062667378,8
-0.7509684505733254,0.2968186143127137,-0.0159413091939497,0.281833074891655,8
-0.7536871114946768,0.3056656458444686,0.1351122259392332,0.1956528227688431,8
-0.7554058603109509,0.3158509502197821,-0.121312992797343,0.0074681696945631,0
-0.6831505091995578,0.357921807308779,-0.3431085863185514,-0.0585537524773869,0
-0.759679163531177,0.3114674715282991,-0.1988277684410018,0.0180827013555485,0
-0.6459023095081375,0.4038416396472941,-0.1622152585641825,-0.1894889853896824,4
-0.7372544708412954,0.3007606067289482,-0.5906010628306605,-0.193645051311094,0
-0.7877744237173661,0.2937167479701874,-0.3582994277509846,-0.107669221756968,0
-0.8355688155516909,0.2781214009511142,-0.2583572353067639,-0.188644144911513,0
-0.8169689660986896,0.2732366159630771,-0.1725037561461252,0.0774858953399536,0
-0.7915879632680458,0.2672056015095839,0.0327050452614116,0.2721393467349517,8
-0.7737728079660424,0.2885841024051843,0.0559822252905743,0.2348053642037174,8
-0.7368715735996403,0.3184151869705091,0.1442065489454477,0.1520598022271101,8
-0.7646446471695671,0.3083550660137201,-0.1088998342343077,0.018707137783123,0
-0.6763029866559023,0.366298423307097,-0.3444172182453378,-0.0707051568407938,0
-0.7699491768708158,0.3054682397420579,-0.1571213758688217,0.0361750680383616,0
-0.6696959362310269,0.3837853335679639,-0.2660822657252962,-0.1410172004515746,0
-0.7503779805035786,0.2865792657082524,-0.6144729465655516,-0.1458842561995584,0
-0.8161052965803519,0.264391366641262,-0.3370207620949447,-0.0394514639253375,0
-0.8352467865833411,0.2762117031436212,-0.2349269323159427,-0.2091830731009079,4
-0.8156213972929072,0.2716783150922028,-0.1506472824069424,0.0764299957846267,0
-0.7949964100433453,0.2689263775413664,0.0937856967177814,0.1976115645914731,8
-0.7944727682597439,0.2788840125650368,0.0798399361449416,0.2260763071736592,8
-0.7286202675410609,0.317442652070068,0.1416745624989094,0.1906822925152902,8
-0.7613053189029044,0.3098950992668613,-0.0789786182296696,0.0491352083517309,0
-0.6699574434289499,0.3719658197110682,-0.3427894050708787,-0.1000015690657701,0
-0.7880008556226628,0.283907373447736,-0.1231947847729141,0.0601312601376844,0
-0.6991567607921494,0.3569371066484795,-0.3557564853699486,-0.0878403869708941,0
-0.7591009301696849,0.2785307621635748,-0.624183766035506,-0.1224425903924239,0
-0.8213327618438422,0.2576849283618503,-0.2878947708469573,-0.0115338951724147,0
-0.8399452009479254,0.2738850945587369,-0.1988633022504681,-0.2337997757384396,4
-0.7978949786066609,0.2728926748553848,-0.1599053103927995,0.1090532137375061,0
-0.8093066840813616,0.2693294872080289,0.1596457741247866,0.098573138389235,8
-0.7982941295947199,0.2793029480067929,0.0593502408624692,0.2246009005653718,8
-0.7628332815639174,0.301280211513821,0.1128044708582073,0.2047396812430576,8
-0.7664698674070671,0.3087617607885317,-0.0491519648755284,0.053862948531754,8
-0.6676636460498395,0.371743322419294,-0.3430119290471353,-0.1133230324249215,0
-0.7918708297000108,0.2692282635207561,-0.0805875663678667,0.0780628553037949,8
-0.7010697710250979,0.3468779506366858,-0.4070911478053012,-0.0696183664819254,0
-0.751889224037305,0.2930082828391154,-0.5613423966681648,-0.2040963766582298,0
-0.8106401695400944,0.2569943491794575,-0.1979781144475665,-0.0291696899116488,0
-0.8388836362126824,0.2711043052524132,-0.2548433344271976,-0.2112325393775286,4
-0.788738228226953,0.2825010806025558,-0.2192162269553588,0.117343242111333,0
-0.8346324153198605,0.2910144225921143,0.4850715936591009,-0.507727266383353,4
-0.8915942947982716,0.2416074160951711,0.4827936806632997,-0.3612026527325895,4
-0.8412545510876305,0.2743174149223285,0.4195344690385981,-0.2828457934025526,4
-0.7646553677896395,0.3127222543377583,0.0392596444443956,-0.2958270226664082,4
-0.7563102582015817,0.2922061714801611,-0.2620352068226542,-0.2577432212420856,4
-0.7635556978113701,0.2892798026384151,-0.03154474556078,-0.2132167229776643,4
-0.8007311317178656,0.2831696672559112,-0.2993364229388894,-0.3632884758850326,4
-0.7815499312357781,0.270631701655964,-0.431619401395598,-0.5140251803884787,4
-0.8414151516552641,0.2324021750041101,-0.2850218277458,-0.4789353518168392,4
-0.8825566202481598,0.2268170008424687,-0.2113407697426366,-0.6014791726974245,4
-0.8281163077271717,0.2576251114166117,0.1213319206037831,-0.4165067098516073,4
-0.8143407632844364,0.2988684529773411,0.4659342718078046,-0.5125329633271594,4
-0.8866675565946045,0.2497918636583034,0.515769560040626,-0.4507117751159759,4
-0.8486511356132802,0.2733810957978975,0.4244434428824586,-0.3558741986736441,4
-0.7677181373759634,0.3091561600576257,0.0417159222487341,-0.3000328901413809,4
-0.7424933134535328,0.3018579118453665,-0.2754659971293918,-0.2713741924882026,4
-0.7677398381480454,0.2955980110386286,-0.0471618424223103,-0.2593290239868286,4
-0.8074600996980816,0.275973822944989,-0.2941866339177517,-0.3847884432126756,4
-0.7967349300431533,0.2462891126821037,-0.4566853867696526,-0.4283322143840804,4
-0.8653447734823425,0.2124428421825224,-0.3113125550816053,-0.3991823339540824,4
-0.8628318401317348,0.2393839392199317,-0.2429372439564684,-0.6570722200559946,4
-0.8376148924133966,0.2508558224350685,0.1328129093927558,-0.3951125389058199,4
-0.7990784465400125,0.3098727059721804,0.4724639170182755,-0.5103045500583498,4
-0.904826512738958,0.2408633628624711,0.5441478859597253,-0.3991728001298656,4
-0.856013636479527,0.2701170290927657,0.4283979420956637,-0.3701990243075713,4
-0.7714325460303715,0.3001214468728277,0.0582588382813915,-0.270199054685635,4
-0.7579178582972268,0.2974619650476693,-0.2430953412410724,-0.3381694546935405,4
-0.7683632530583735,0.2965847250497226,-0.005782239631838,-0.2956220537380542,4
-0.793527936710242,0.283067000685801,-0.2602950596799468,-0.4183555233354803,4
-0.7989535999287497,0.2381480915626456,-0.4226907693192312,-0.3944987471800232,4
-0.8489474211577237,0.2224988768116574,-0.3239892332726991,-0.39981458034982,4
-0.884411999770107,0.2143998084517988,-0.2561645492716073,-0.6377317138942511,4
-0.8297343267468528,0.2494474277190147,0.0908297989937707,-0.3258979824512467,4
-0.7925711427019184,0.316499393422899,0.4666440912435032,-0.5213499747960935,4
-0.8990497313034729,0.2407576016714055,0.5040727452564608,-0.3165065201476534,4
-0.8465498694859712,0.2677506215698282,0.354395260986156,-0.3307251961353765,4
-0.7749475502846511,0.2937786296662031,0.0432465704760715,-0.2309902031057127,4
-0.7749690360270791,0.2936937686838486,-0.2043434707583009,-0.4272402397929517,4
-0.7735343472905979,0.2839601165007166,0.0285816662053444,-0.2308720038692171,4
-0.7992502483337691,0.2686578539203063,-0.3003108804894531,-0.3589190640323203,4
-0.8053338876746075,0.2267714392158837,-0.4196597558078851,-0.3328922788618561,0
-0.8468410661813073,0.2254743669065136,-0.3070388639041843,-0.4379091464720704,4
-0.830461854250472,0.2435944136993572,-0.2053424564758244,-0.6546068126704065,4
-0.8140915521697627,0.257982288065986,0.0366745264375358,-0.2974093233591616,4
-0.7848658073398818,0.3158776791722296,0.4812367712499159,-0.521733766987846,4
-0.8993392849862281,0.2416124306342766,0.4802613547309243,-0.3502572325860581,4
-0.8264655325902968,0.2718820505450515,0.3033720940139618,-0.3065280936883645,4
-0.7693291322088653,0.2989260114414758,0.0420679962032061,-0.2112649406829143,4
-0.7840110125667676,0.2764374099230575,-0.1813682657113207,-0.3608618995661199,4
-0.8022302474965528,0.2671623175791561,0.0631183076365674,-0.2232518503117874,4
-0.8051224260954375,0.2668585589096321,-0.3227643160337742,-0.328450157382478,4
-0.7866646056509743,0.2454254363582479,-0.4291005404759991,-0.3726875908947288,4
-0.8556672762862647,0.2265261188757743,-0.2761857265022941,-0.4849145405513591,4
-0.8447639648293559,0.2113448462179814,-0.1555883656801885,-0.5031271074374406,4
-0.7961625111851078,0.2681160740887275,0.0213191613113978,-0.3209321178831193,4
-0.7863110154399255,0.3108828616093426,0.4816162779081679,-0.5218564226805739,4
-0.8941013507965301,0.2499455840921602,0.4527769512020163,-0.4315378407852014,4
-0.8356718457281263,0.2736347286237773,0.291270937563433,-0.3242799436998514,4
-0.7368057679843629,0.3129414097207215,0.0286576586634022,-0.1719060761858979,4
-0.7677116976835697,0.274883533166754,-0.191072454681458,-0.2441464960167467,4
-0.8056985554055316,0.2661807929771065,0.0500121584763282,-0.2394338708029699,4
-0.8130682354237799,0.2731824294468131,-0.254601403365153,-0.3560902534510965,4
-0.7695214775152746,0.2623769840351418,-0.4005748974850925,-0.4437957226376915,4
-0.8674758946661141,0.2084535675309025,-0.2316046291408839,-0.4215013158959595,4
-0.8450810707671838,0.2109989991006897,-0.1517598932118982,-0.4910183753401379,4
-0.790773309743992,0.2731276071279861,0.0489475017066337,-0.3740700298489874,4
0.8032599226428467,-0.33678364274173,0.10762393323098,0.2535962320255081,1
0.7181950694141639,-0.3987819468363341,0.2277289091740293,0.1068882779448377,6
0.6837543721858605,-0.4112768757774256,0.2499088237212379,-0.0121965095681261,6
0.683390636452375,-0.4059974070043088,0.2010335019588769,-0.1906813877025597,6
0.73094059360715,-0.3672679788324618,0.2305168538236432,-0.3112704532743686,6
0.7354871357410235,-0.3535935466586641,0.5147460807178899,-0.234320579635224,6
0.6609003254879737,-0.3891647547557479,0.8804079133180815,-0.1941754924616434,6
0.7035901796967148,-0.3698803020463083,0.4169114430805236,-0.5272188096811207,6
0.6314627212546093,-0.4091983982121424,0.7956655681147942,-0.2853765410251611,6
0.5449860795071584,-0.4638241687912747,0.7866926117734814,-0.3000142266619511,6
0.7535545631154261,-0.3527925106967771,0.4670959566766237,-0.182714803568148,6
0.8246073764133377,-0.32425478022465,0.1175310162313595,0.2591014490749984,1
0.7518981982901372,-0.3789684798404142,0.1865687844830256,0.0784037329331295,6
0.6744723633995553,-0.4183969056827365,0.3122907507691512,-0.0108602619571281,6
0.7053796505930787,-0.3901161908452665,0.2288451870756294,-0.1776599431996186,6
0.7245109466434083,-0.367293636800996,0.2764509556312508,-0.3283176153295508,6
0.7386957697655492,-0.3545627797299692,0.4063416929297359,-0.2633877419700127,6
0.6602476737377754,-0.3889361441092128,0.8938604620288217,-0.17490923899209,6
0.6783008685713301,-0.3782256737184756,0.4980402963996056,-0.5240122498563388,6
0.6410073136449728,-0.4098849051439802,0.6769319165474807,-0.3571943361720252,6
0.5367739277361256,-0.4664223273402778,0.8332800252103889,-0.2256917360221015,6
0.7433456336945885,-0.3579098359973219,0.4922442693541779,-0.1610546918665363,6
0.7883437482229039,-0.3438023987410986,0.1698392578716417,0.2721475858916272,6
0.8000489027999393,-0.3454966095817267,0.1871887645157927,0.0391761784177165,6
0.6719256656619166,-0.4164579962586844,0.3799244574186303,-0.0083484731288422,6
0.7229349068797732,-0.3736375638433897,0.2810665810104572,-0.1723369140150188,6
0.7292102176140371,-0.3625156888979171,0.3553053961667208,-0.3479792747360757,6
0.7352826585833461,-0.3580451096822035,0.3523405149346553,-0.233840373083199,6
0.6557174156072403,-0.3926224974469858,0.9298864540714435,-0.1391761832166833,6
0.6533103445942026,-0.3883402558050568,0.5930693779865077,-0.520506858948104,6
0.6231267771457898,-0.4099385895484782,0.7239113683582945,-0.3255591388097525,6
0.5451130440966898,-0.4662911439415462,0.82969747447457,-0.195132043737124,6
0.7275275451804926,-0.3652840278061245,0.5044679647221357,-0.1651748736665699,6
0.7195019928126682,-0.3818705216337265,0.2472289861012096,0.259857897254611,6
0.8138604818125899,-0.3288771554564759,0.2559974399631734,0.0141724107691805,6
0.6946365076083476,-0.4056124324908493,0.3297862696360803,0.0101596754918605,6
0.7210678276283959,-0.3748272155145857,0.3021315937075819,-0.1533028913290755,6
0.7155029414452225,-0.3680515140732006,0.4013121573155594,-0.354179306876269,6
0.7291906033951712,-0.358285030950062,0.404896423137489,-0.1913699902675898,6
0.6484694654565368,-0.3979831232710973,0.9580936845879208,-0.0831958053983879,6
0.6313867480424378,-0.404057192011158,0.6521888442749058,-0.5169990756574407,6
0.6510934840261391,-0.3937081057800724,0.6391007766994556,-0.3337835877713928,6
0.5380112455505182,-0.4674811130886786,0.84879575176058,-0.1419366314027028,6
0.7118289345768738,-0.3780623899811492,0.4341995697630299,-0.1822782678703047,6
0.667459262729772,-0.4125418896180667,0.3265741412563503,0.1699098274814604,6
0.8083940601751927,-0.3329175121201676,0.2670800263580814,0.0428516167697283,6
0.7574270883006613,-0.3672800221342469,0.2622074050974375,0.0251442617140458,6
0.7081085132108678,-0.3851669781434132,0.3047942350107839,-0.1269444560238025,6
0.6972465902213583,-0.3765622360834812,0.4503041131816663,-0.3572972738785748,6
0.7137770070085931,-0.3735160149168775,0.3814924694037074,-0.1711338222741703,6
0.6596380978613856,-0.3903243870170029,0.9468210686377456,-0.1349801813114491,6
0.631500144270303,-0.4086865872095667,0.6116260713445811,-0.5245062166045968,6
0.6771942457868274,-0.3907318338586033,0.5818488573215725,-0.3228526381614108,6
0.5283047423843519,-0.4659091659418285,0.8676974676289098,-0.1280738113753782,6
0.7077886941522007,-0.3957824672886518,0.2516769822057231,-0.1619352487081816,6
0.6751084272238199,-0.4139081637793391,0.3175449233930047,0.1615650420696963,6
0.7967137188439086,-0.3436594711329621,0.2645096973405655,0.0455668478605317,6
0.7798315617341391,-0.3475232017059502,0.316557092869826,-0.0160984325303624,6
0.6836211331935609,-0.4021060597077945,0.3388543998655767,-0.1113074873471848,6
0.7160401364523581,-0.3665376924106993,0.4810491501687234,-0.3099374140247401,6
0.7276695221741389,-0.374648080009747,0.3162052373951874,-0.1355144689943452,6
0.6716057154996204,-0.3792122634791388,0.8706008023992147,-0.2697848545859642,6
0.6535750882547378,-0.4037686440891239,0.44659479049708,-0.5458129813798877,6
0.6881759196786941,-0.3954047701176556,0.5041472463811736,-0.2838328661437421,6
0.5242190260199349,-0.4709063951887116,0.8545318710406902,-0.1360134658039155,6
0.7106971794406314,-0.3985086837852364,0.2072854378072137,-0.1845855187292415,6
0.7124259597614897,-0.4145786873807783,-0.2568123362346245,0.4391383141841355,1
0.666013724322907,-0.4272794799792905,-0.171726162978663,0.2668571411417449,1
0.7028512786189329,-0.3916259794022156,-0.1794212974063443,0.1874323659974399,1
0.7108054103532826,-0.3952609412847084,-0.2573197572368737,0.1124831662653805,1
0.6795723050655942,-0.4394693838563319,-0.339176295002284,0.0902439492893376,1
0.6759782206368401,-0.409432558090081,-0.2859286504666362,-0.0004609212792896,1
0.6925459712297812,-0.4092455810479216,-0.4351160352257351,-0.0608907587582801,1
0.675871112612149,-0.4081889808542289,-0.206735831747738,-0.297754829271348,1
0.7015071461747135,-0.4202788085110447,-0.3146595761862797,-0.0498540286785749,1
0.6699631506667338,-0.4302288912706176,-0.1042541477082306,-0.1717259933543224,1
0.6527260376309265,-0.4304919750136454,-0.2729705596918276,0.0573281168731805,1
0.7170320484766699,-0.4126498527222934,-0.2808818823094293,0.4619370540658293,1
0.6814148166384613,-0.4202103592684634,-0.2059388396847689,0.2447751033540045,1
0.7089469007288314,-0.3873120560120886,-0.1836216990731823,0.1856038869189236,1
0.7089839975218062,-0.3931407336925172,-0.2533273681789054,0.0916559946950809,1
0.6948047156597912,-0.4319741378871896,-0.3332532648712015,0.1096485459536885,1
0.6661948342526376,-0.4124223710827909,-0.2535311453014726,0.0084824712599508,1
0.6876742590204457,-0.4206593644219797,-0.4715687172846955,-0.0248059423963071,1
0.7045010599926353,-0.4007933976193509,-0.2723201275025557,-0.2440017128765961,1
0.6915637914864559,-0.4332507347685455,-0.3527504044636642,0.0127771500792831,1
0.6932974586393506,-0.4218623365799613,-0.1228870695581273,-0.0985947606365149,1
0.6562702125345177,-0.4296160097110472,-0.2757712788078929,0.0491194560304015,1
0.7170565243009719,-0.4128297140873126,-0.2721422459904291,0.4676644952522083,1
0.6779905591407855,-0.4230101772107836,-0.2158743190116769,0.2221442641728941,1
0.7146319820837275,-0.38391034830581,-0.1919464843739686,0.1625618867528822,1
0.7215792977164757,-0.3841114672302139,-0.2369928197977601,0.1013402316970612,1
0.6953046418685216,-0.4340383600741977,-0.3247745115105809,0.1124081867106156,1
0.6695638404283062,-0.4104253198251499,-0.2381381152866172,0.0203433755609299,1
0.6654197440955254,-0.4440200177109351,-0.4886097235186364,0.0295557869439475,1
0.7050192266105948,-0.4033335429330941,-0.3188481392903236,-0.1721214445783676,1
0.6779589854332086,-0.4474472944786194,-0.3674930958375073,0.0591107236211834,1
0.6881660108251364,-0.4256155092578394,-0.1356524297130569,-0.0972145427864716,1
0.654578739569214,-0.4362819797105342,-0.2765744942241059,0.0681332336925705,1
0.7171585419498527,-0.4143445369947167,-0.2787442229548713,0.4735781583980448,1
0.6646392957238452,-0.4313257122478257,-0.2018907853332878,0.2148380615855921,1
0.7230811960006069,-0.3795978719157964,-0.2001808606077939,0.1662886692230902,1
0.7156593572701142,-0.3834392167806827,-0.2419847244819569,0.0785543836986109,1
0.7015948855475331,-0.4310275309757281,-0.3207773957533626,0.122980189734611,1
0.6770759536672879,-0.409726619918981,-0.2508904517535737,0.0315866489872686,1
0.660705232214917,-0.4414472499224841,-0.4927843392804455,0.025826362987241,1
0.7029111421212242,-0.4038158380543781,-0.3165350944773002,-0.2012795161609738,1
0.6735322696041324,-0.4509383568893063,-0.367528395492314,0.0166829871577841,1
0.6582685830434791,-0.4355334248972885,-0.1093364362750836,-0.1797388485619604,1
0.6546832952744632,-0.4388006111502739,-0.2550304349992295,0.0744685930814668,1
0.7197458215290011,-0.4153067319802719,-0.2804467460381552,0.4729468388608363,1
0.6386870504102031,-0.4458520674582614,-0.1724689482024605,0.2170543956694513,1
0.7242872323380956,-0.3792422868934727,-0.1848633746056088,0.1774138712174278,1
0.7085526883071136,-0.3870964498682333,-0.2554546581954598,0.06798518780912,1
0.7014292883173938,-0.4232145977057091,-0.354987096497609,0.0740557037973491,1
0.6788580735545919,-0.4126043935347243,-0.2742199267122124,0.0338569824114751,1
0.6572148787509056,-0.4474280473598538,-0.4804250853867102,0.0471507340104221,1
0.7060749176916186,-0.3997971619988029,-0.2721074265193097,-0.2335904141662745,1
0.6345128319174922,-0.4771079807690784,-0.3383786767947833,0.0004161361704113,1
0.6352832980611123,-0.4457822216007153,-0.0967857695390405,-0.2181845905899697,1
0.6412611473006664,-0.4507789248799739,-0.2682786112379256,0.0893931218950631,1
0.7128497787979862,-0.4201775417165881,-0.2728660379149841,0.4750764916144316,1
0.608606875682487,-0.46307021272727,-0.1837966108155171,0.1846541298770582,1
0.7275261199994612,-0.3792478616074688,-0.1905696442056627,0.1985482635892127,1
0.7111237604449099,-0.3883420191005586,-0.2470791071251702,0.0980681132727484,1
0.7110745948302812,-0.4169106373440899,-0.3577671455407338,0.0914453417689356,1
0.6560416051865283,-0.4345543214236793,-0.2907525713768633,0.0857583738785482,1
0.6630609509884386,-0.448429381812405,-0.4569583237943285,0.0477114792925358,1
0.686319526952855,-0.4095657229428682,-0.3031453551921511,-0.2785853012517041,1
0.6158486012203634,-0.4907834269396648,-0.2580871832738342,0.0470217100239702,1
0.6420700801318466,-0.4470918139800304,-0.1368259714128506,-0.219551381924974,1
0.6367212133930902,-0.453107162741962,-0.2641075254229298,0.0832273563591765,1
0.6857100638485154,-0.4226871935350816,-0.1901916553786101,-0.013915179840522,1
0.7352761701093626,-0.390296241725793,-0.2660760639708706,0.0447125286985726,1
0.6438222221956889,-0.429667130488824,-0.2808662881757051,-0.1496044089312607,1
0.6873866891005849,-0.4073920795912291,-0.3664357193145892,-0.2101741768556394,1
0.7265418835508319,-0.3850141212619412,-0.4007914473509716,-0.363902512322095,1
0.70711624161454,-0.4212512689905741,-0.4386561201829668,-0.2423654547815158,1
0.7393393473582777,-0.3836817441468544,-0.5193177815501215,-0.4214131880633875,1
0.6952382809230133,-0.3776679640278602,-0.2512074829479851,-0.5832286861088662,1
0.6904980092042345,-0.3987578749708735,-0.3304929407476261,-0.4032884354809264,1
0.7036281955031181,-0.4013981229256204,-0.2601770321289208,-0.3514908925680882,1
0.6151388922796595,-0.4406181105517027,-0.3420039634384207,-0.2023194244866001,1
0.6777753815715295,-0.427447021713893,-0.1848031076395637,0.0044630100339028,1
0.7306942220979835,-0.3924479266870567,-0.2521656796532538,0.0536054120089758,1
0.6440661404757864,-0.4307918504622182,-0.2887941752679848,-0.1421144846127742,1
0.6840484584192839,-0.407837367873866,-0.3622625690267002,-0.1754958410083953,1
0.722212734785612,-0.388778879007523,-0.4174355090293028,-0.3600185928451632,1
0.7148699006554922,-0.415502060493504,-0.4131830584986063,-0.2741314204245088,1
0.7406256016322712,-0.3719286272090317,-0.414390872451745,-0.474699110645258,1
0.6886972927353825,-0.3810151759689233,-0.1941710720834403,-0.6004214547317357,1
0.6671277797539221,-0.4223082453164348,-0.3941098745441317,-0.3950080315854057,1
0.6737441212720019,-0.4182607101084808,-0.2784988666477163,-0.394623968451751,1
0.6262126800399135,-0.4272906825344588,-0.276147665131936,-0.2594216008536502,1
0.7085178264217393,-0.4115980979882369,-0.198283645680258,0.0794281479285676,1
0.739152883799618,-0.388479533659579,-0.2799317070314899,0.0428717678791205,1
0.6493226048062968,-0.4288355494526786,-0.2915203848573061,-0.1286498392479148,1
0.6882430363568461,-0.4059814237535941,-0.3600268584124513,-0.1690895016276663,1
0.7240725992804631,-0.383030439048139,-0.3710470692748552,-0.38462110826806,1
0.711377867602649,-0.4168386615860357,-0.4087051441465341,-0.2865304568868866,1
0.7299424137007897,-0.3727652688784093,-0.3808977872485712,-0.4988514151896565,1
0.6937232908054134,-0.3819365292956014,-0.257807828460951,-0.5951223666293692,1
0.6614554949191851,-0.4344474708021668,-0.4102459242407865,-0.3392573729422216,1
0.685085422641313,-0.4173294075960301,-0.2826207179723803,-0.3910183781094603,1
0.6317282649418186,-0.4228451730923406,-0.2199887096227817,-0.2641110826126387,1
0.7438144149624679,-0.3890639773929876,-0.1843919215732221,0.1433854731994637,1
0.7462263139028522,-0.385210329318683,-0.3116491534700111,0.0261332138893905,1
0.6564523290332496,-0.4261750030482464,-0.2959391421854614,-0.1094426320872445,1
0.6919248003021992,-0.4053225505790921,-0.3674285405764239,-0.1988525555515092,1
0.7271157669431925,-0.384401197856684,-0.4025758320967749,-0.3695159798690899,1
0.7129739226113405,-0.4121176594981755,-0.3938035201790712,-0.3013506950800283,1
0.7247570298289792,-0.368360550860949,-0.3323539586588527,-0.5239218360652067,1
0.7117443026074612,-0.3773749458244848,-0.3807662735444552,-0.5546422712179441,1
0.6730936683108679,-0.4066444005734271,-0.2865569987388717,-0.43997704930781,1
0.6897562379469493,-0.4134424061355972,-0.2417605321952393,-0.4242179430940436,1
0.6498334157848258,-0.4154957329313116,-0.2709395000205974,-0.2625198924473854,1
0.7394852900434878,-0.3931737972040852,-0.2059778954467765,0.1646965553475624,1
0.7639745689937489,-0.3743399971553169,-0.3168282152965351,-0.0076457450507003,1
0.6434019753567115,-0.4345512500964751,-0.2712854107629663,-0.1057801807815381,1
0.701114427021869,-0.402645184290301,-0.3780526522687609,-0.2357870157304823,1
0.7303268982989735,-0.3898704073995552,-0.4727816229297429,-0.3607025601904656,1
0.7085671006681611,-0.4094462462352343,-0.391297144720741,-0.3116309858268212,1
0.7106757059515669,-0.3611521527168597,-0.2407658729166187,-0.577733673955435,1
0.7128173458439231,-0.3708086722050427,-0.3156178840908655,-0.5837603507935294,1
0.6472279906717886,-0.410220253419654,-0.0629455141576915,-0.456871255034678,1
0.6891149791638966,-0.4132535808961549,-0.2012800586332304,-0.4510757188939661,1
0.657695320707707,-0.4113663857248647,-0.2653531596535922,-0.2727967466693928,1
0.7482777689358535,-0.3915388853898874,-0.2540807693356515,0.2104801547555174,1
0.7878476818762374,-0.3620916721858569,-0.3241767987822677,0.0119590495887514,1
0.632504144481991,-0.4413498968298652,-0.2524707844410319,-0.1374373488456141,1
0.7008733781681944,-0.405804211205924,-0.3849171787045032,-0.2218314314783693,1
0.729563447817529,-0.3829426892747525,-0.4338979064737746,-0.403229753558384,1
0.7053020579561347,-0.4014429800354354,-0.3521578246349787,-0.3429538951900956,1
0.6991356927250216,-0.3590199106089021,-0.209915630973768,-0.6096578347551969,1
0.6865024286168644,-0.3778284610612683,-0.118170300480307,-0.620044286468887,1
0.6709187647112285,-0.4058672687500941,-0.1426923953158816,-0.399185568186312,1
0.6610849210783429,-0.4244412687471161,-0.1803619641671056,-0.4988594763199151,1
0.65990430574953,-0.4071151142576976,-0.2092865443712295,-0.2795364439345821,1
0.7032634778439366,-0.4169138329526082,-0.2903853754534753,0.4496222729718087,1
0.6630824521873344,-0.4344125993491545,-0.2180164875303148,0.2698348169834567,1
0.6428217433581236,-0.4353641613605338,-0.3557683563191594,0.1409635576229099,1
0.6504598894963303,-0.4207000848877509,-0.2268945838864282,-0.0757628090120638,1
0.7004672579742488,-0.3925130968466071,-0.1271534203379782,-0.099948621575821,1
0.7062509541379294,-0.3883261818303236,-0.0991043974783382,-0.0440039845269251,1
0.6709029505536515,-0.4095270941971369,-0.2352416666832791,-0.1923270746027693,1
0.7056745333889278,-0.4298568922563579,-0.5135124034919076,-0.0118443179058876,1
0.6540842967788798,-0.4491027769546664,-0.4797548867123946,-0.0464834595213812,1
0.6835880726811552,-0.4297797472375264,-0.1286569109395128,0.2324576002228804,1
0.6497330146519298,-0.4323371744916316,-0.2341632794707929,-0.0256669829273974,1
0.7163584899196342,-0.4111088492609099,-0.3157606362743575,0.4531336752166163,1
0.6669872336203793,-0.4330592482276693,-0.2449617298016244,0.1893560090520153,1
0.6590392516577199,-0.4310156680384716,-0.359987897320051,0.1155414269101518,1
0.6484101889674196,-0.4194878791770459,-0.2066350442589552,-0.0757475631053788,1
0.6934893004439897,-0.3943470631458651,-0.1262045963659394,-0.119276658875976,1
0.7068912889463546,-0.3864408171684759,-0.1012326389159284,-0.0615416180957362,1
0.679411091904238,-0.4072205851995809,-0.2751261200217056,-0.2207715981463949,1
0.674408472002832,-0.4451623396195959,-0.5113495009885412,-0.0490495909861697,1
0.6400745991630616,-0.4478579134512908,-0.4394168519226895,-0.09988675061217,1
0.6863662702589974,-0.4321107493293202,-0.1362479208464075,0.2628021582546763,1
0.6515660838771011,-0.4311975908681146,-0.233425539068602,-0.0310460400649193,1
0.7154578338526432,-0.412711900911633,-0.3267770699679592,0.4596347230221809,1
0.6648930045091554,-0.4313232891315305,-0.236190033820652,0.1704361492824379,1
0.6572332977147481,-0.4338045372428229,-0.3454631267625887,0.1223591867898761,1
0.6390844621180838,-0.4254459433250565,-0.2104837684195201,-0.0689314728232763,1
0.7025517890269817,-0.3894300472582321,-0.1474712830518358,-0.1178161658094998,1
0.7088409514087068,-0.3866585777773422,-0.1468690816687467,-0.0716092128010412,1
0.6849093905770258,-0.4094585722569105,-0.3244676742211313,-0.236993353211205,1
0.6530290691556542,-0.441033421723,-0.4359882862912675,-0.2025256244121875,1
0.6542372401085488,-0.4402802505224573,-0.4373912835695498,-0.1316008556456207,1
0.6833195203143718,-0.435900068103603,-0.1328865050891879,0.2448925769636398,1
0.6619357023330883,-0.4251294495045671,-0.2588455204429766,-0.0020655985374557,1
0.7126218150418668,-0.4154961298611626,-0.3259268760495972,0.4641867037411504,1
0.6682203585649706,-0.4249567076433705,-0.2234170022196504,0.1455811223782921,1
0.64839275706899,-0.437861994146392,-0.3581934501465831,0.1438547445930317,1
0.6402214795205836,-0.4278859941517907,-0.2189666110448062,-0.0454345109944703,1
0.718957454833062,-0.383286741515534,-0.1739860020951991,-0.0880078381636594,1
0.6953919643184083,-0.3974259378251379,-0.1704035716374806,-0.0691686835367738,1
0.6892395407422192,-0.4113025492931939,-0.3576029905316533,-0.2092297259003988,1
0.6539523735349415,-0.4447714560009516,-0.422669036698523,-0.1527726314751213,1
0.6607009990499777,-0.4380658991639617,-0.405519600915966,-0.1234929141433971,1
0.6759484846829422,-0.440611076450296,-0.1138713069829927,0.2190562891249101,1
0.6512568320164935,-0.431534923053572,-0.249676935775326,-0.0210433175792912,1
0.7302124827238883,-0.4073061926288858,-0.3660863429926331,0.4479581690608701,1
0.6743266631550491,-0.419100873537618,-0.2171352520168648,0.1308395056470876,1
0.6467016869359019,-0.4372948810427285,-0.3547348685405105,0.1406809493264006,1
0.6483798350921886,-0.4245433510905811,-0.2123146918648934,-0.0298785911203036,1
0.7260631443768228,-0.3807950776382011,-0.1882659036920533,-0.0572670619170352,1
0.6717619995111188,-0.4131283147667838,-0.1900745161281478,-0.0701010323447431,1
0.6978696065841943,-0.4169920266372973,-0.4336810983538937,-0.1427909417280959,1
0.6493044978198119,-0.4440895331440826,-0.3556912714677055,-0.1675094827276605,1
0.654738621257055,-0.4345442175941543,-0.3279018418321907,-0.1568630146071861,1
0.6662762933769191,-0.4461745608721327,-0.0934581687937282,0.2083224474321982,1
0.6591321547200291,-0.4304610956162166,-0.2477456523735705,0.0328670538784612,1
0.7510021191148493,-0.3958058774874383,-0.4063839733463854,0.4284380794639694,1
0.676333129245648,-0.4197593912050302,-0.2083343300123782,0.1515923815019379,1
0.6414327419737571,-0.4361611490821284,-0.3141940751269522,0.1258366465862437,1
0.651033278418355,-0.4222480328410892,-0.2128906708549924,-0.0293132015741366,1
0.727812222447467,-0.3801304096024032,-0.1842779773389439,-0.0783694333344698,1
0.6571091259037809,-0.4221079009716731,-0.2095701916138526,-0.0599172227685341,1
0.676835172752337,-0.4303306590743663,-0.4464925740726589,-0.1340322133699165,1
0.6450331348615648,-0.4409810454537384,-0.300192393233693,-0.2220892972369573,1
0.6712997236127602,-0.4292197996150615,-0.3225135909471089,-0.087703961957013,1
0.6650919849841199,-0.4453432735123839,-0.0875567553151436,0.2038202588389446,1
0.6576157000620091,-0.4270096864123378,-0.2280046235822085,0.0760947547945229,1
-0.417624062857666,-0.7647946587439474,0.4118680014224163,0.2834305864917926,10
-0.461781041720142,-0.7867616948084257,0.306232989214515,0.1275081666862257,10
-0.4105334232748471,-0.7413465266751131,0.1957615026441829,-0.0574023793011308,10
-0.3874717226327749,-0.7419276306813002,-0.0180358360706647,-0.0472070151847295,3
-0.3985894957664869,-0.7809919540697947,-0.2563046787584405,0.0368107769989696,3
-0.3974781807191739,-0.7578169674007051,-0.1564839261201761,-0.0397652999028252,3
-0.3794688850602291,-0.7555077047294229,-0.3727923737651761,-0.0735932598527896,3
-0.3018805114447435,-0.7214314975799196,-0.5104274226745191,-0.0780268786480552,3
-0.367343396318895,-0.7590594603642662,-0.3583621544397931,-0.1042377473075425,3
-0.3772232309561453,-0.7425567852461126,-0.2416738520721826,-0.1392486902268211,3
-0.3765508085046465,-0.750329544817135,-0.0502913734387154,0.0624616307826816,3
-0.4058431394392832,-0.7700788665354478,0.3589513793415161,0.2389333877415339,10
-0.4509497774196032,-0.7801167151104182,0.2826949405361128,0.175398309076111,10
-0.4168865120525548,-0.7429290164921303,0.2370779588444941,-0.0142903302998338,10
-0.3828717964311543,-0.7414428096152899,-0.0206833630457311,-0.0302850867251693,3
-0.3942137266912651,-0.7720578958716202,-0.2945751261739536,-0.0188560897596589,3
-0.3782055791710152,-0.7477267137852222,-0.189323339489811,-0.0102541297707992,3
-0.3784339195607242,-0.7610215849727558,-0.3533101255957102,-0.0521083149586336,3
-0.3079537197198362,-0.7223064708532587,-0.4741196746839552,-0.0969254997896199,3
-0.3785938551346836,-0.7468405991294463,-0.2016283274447766,-0.1887516160895321,3
-0.3593949405501642,-0.7314329091505386,-0.2341358679056744,-0.1510347858834089,3
-0.3920265393358701,-0.7632763963374762,-0.0457434733812973,0.0629611184575388,3
-0.4050756209060176,-0.7693555233062371,0.3475960990584656,0.2453166671408543,10
-0.4427471488325319,-0.7736090391406962,0.2766100534779821,0.1645835683684568,10
-0.4064792707803106,-0.7428733446219897,0.2535965909001964,0.0185112103792028,10
-0.3822296130531357,-0.7353733194384899,-0.0549629495941912,-0.0431063542306586,3
-0.4007460327442801,-0.7804699590981615,-0.2925188735847626,0.0074435952923947,3
-0.3758707644715374,-0.7440125571963575,-0.1937955359894587,-0.0051268982318125,3
-0.3826198629694259,-0.7635858375859484,-0.3552835313489804,-0.0371212959226888,3
-0.3319269708151185,-0.7351765711153132,-0.4532204166779057,-0.0981153079852933,3
-0.3867787375470383,-0.7414224889029408,-0.0986256294588161,-0.2365080064975332,3
-0.3391537083009025,-0.7140332470276296,-0.1964157910963463,-0.1679360208478892,3
-0.3973166429129749,-0.7645024515464212,-0.06246522469229,0.0347862952560365,3
-0.3951503651663494,-0.7621179690078308,0.3409459470732144,0.2813507947430428,10
-0.4321444051852571,-0.7686718755543606,0.2717966135205885,0.1513597695130631,10
-0.4072003580114051,-0.7485436066896317,0.2880618474138168,0.0337274408966971,10
-0.3825049683825373,-0.7387264564415392,-0.0493933445188361,-0.0655534213007548,3
-0.4213218954771558,-0.7972567834853961,-0.2281785884177535,0.0689540752349511,3
-0.3725792142334909,-0.7377838706732649,-0.1212420796903967,-0.0130178086028063,3
-0.4061557458023113,-0.7763272282929535,-0.3676542569358949,-0.0183446566684032,3
-0.3368779328115885,-0.7281163081514179,-0.4405820348348225,-0.1149665029667449,3
-0.3644695437112199,-0.7307839073280507,-0.123767108645338,-0.2466268798169122,3
-0.3363860985699093,-0.7076892231383428,-0.1793051249231861,-0.1879587108474293,3
-0.3866932798468313,-0.7547564660923509,-0.0781108920373306,0.0099096690054622,3
-0.3765320453892257,-0.7576253239448152,0.2804459539384011,0.3689235336821572,10
-0.4443997965514549,-0.7692524688903624,0.3345683410362555,0.0807641408165937,10
-0.419191883345146,-0.7522274161791055,0.2777656706601869,0.0183879707084886,10
-0.38070358325574,-0.7433140944432473,-0.0248197540313475,-0.0527934166912001,3
-0.4310363081069124,-0.8022686573325851,-0.1932099239085025,0.0722033141017494,3
-0.3911979321832476,-0.7509622590489934,-0.0388490011024111,-0.0094976504068889,3
-0.416391807644315,-0.787829258079074,-0.3487338142872659,0.0057365751199745,3
-0.3374405877473452,-0.726409027988125,-0.4605907469753217,-0.129735864936355,3
-0.3210909451281052,-0.7262435100046989,-0.3596652808583667,-0.0673812844257127,3
-0.350693604967888,-0.7192644550865928,-0.2359625756378917,-0.1858680741251442,3
-0.3808377740303992,-0.746437348896816,-0.0735412665512557,-0.0116263754364607,3
-0.3758962488066816,-0.7533950828116228,0.29318596774218,0.39213742806934,10
-0.4603762942291555,-0.7778204453889255,0.3828548698221413,0.0096992913697128,10
-0.4363137141738673,-0.7616096741208188,0.2585039347652306,0.0371627688522857,10
-0.397715418179257,-0.7519432920084612,0.0222077444723668,-0.0236419930514006,3
-0.4196357473571669,-0.7939401804660962,-0.1973457991244391,0.0665334050558076,3
-0.4202681581119772,-0.7672874729724791,0.005700282433075,-0.030628215436773,3
-0.4178183841982522,-0.7930448780981554,-0.354964311534612,0.0110394682891266,3
-0.3718870144839464,-0.7552837735458376,-0.4974243591135345,-0.1047489635867107,3
-0.3416753350082404,-0.7475724975295943,-0.3862404648733816,0.0340333601031195,3
-0.3557313072909806,-0.7270165989148056,-0.2737751758684373,-0.1920344686149619,3
-0.3753802505907297,-0.7399747489173946,-0.0679749426453077,-0.0575154019147269,3
-0.5110666954747991,-0.7873333062927366,0.809950105610401,-0.0110634527599604,10
-0.5101328939591313,-0.806046547701474,0.6096461031858083,0.044142718786204,10
-0.4405156112701873,-0.7603938254872281,0.6194204100933367,0.1101863951354443,10
-0.3816574252584561,-0.7452665999773553,0.3346005279812841,0.1591628742701921,10
-0.3733293205552255,-0.7679293462626119,0.215689422330515,0.2432351917714627,10
-0.4507565397041636,-0.7966273471972418,0.3749259774518461,0.2448902136892359,10
-0.4110982645834851,-0.8058884704737793,0.0615080717527095,0.3464887567865501,10
-0.4354696640699719,-0.8231527962480001,-0.0242864322512707,0.1275952630751569,3
-0.4542228237775707,-0.7974035825889729,0.3767075599220681,0.158639842072485,10
-0.4990613577499632,-0.8139674197065845,0.5366249518357542,0.1529483204871627,10
-0.5034517241174494,-0.8177579586726319,0.4554524145485566,0.1052212184644633,10
-0.5001084317884287,-0.77610833926269,0.790802317903281,-0.0110889431535116,10
-0.493936493827304,-0.8048342621261514,0.6015783571825157,0.0612408548342496,10
-0.4213624399740476,-0.7560066240729025,0.6395812890239319,0.1769559916286561,10
-0.3795671274794804,-0.7428619900382094,0.3373640415356365,0.1621941523745095,10
-0.3649924801261131,-0.7666767775852961,0.2248179319033196,0.2470678142509414,10
-0.4480536217079375,-0.7946401047064304,0.3677208081987872,0.2372534862871843,10
-0.4138922814631249,-0.8131943056074125,0.0778944534072397,0.3521675008714002,10
-0.4159163684987487,-0.8061579472595473,-0.0741757618767158,0.0667183262174152,3
-0.4507026106857834,-0.7937298141635205,0.388846724532014,0.1134904963674122,10
-0.4946149827890933,-0.8156199733683261,0.5392538563238505,0.1893522646218965,10
-0.501836727630911,-0.8169205206365916,0.4478614403035717,0.1119763763808678,10
-0.4997562371813963,-0.7780669678168333,0.7816642273983141,-0.045754063925897,10
-0.5120578465829626,-0.8134116977909729,0.5980631889160981,0.0465077717719339,10
-0.4368635305545852,-0.7678555225998578,0.6255959670759055,0.1866367780907844,10
-0.3820240850470378,-0.7374052097720676,0.3734078494613447,0.1597841020919388,10
-0.3802332798723044,-0.7745576492978996,0.2210835625878814,0.2510131616657616,10
-0.4471739227452642,-0.7958271085429912,0.3730218000434791,0.2263483388461316,10
-0.4247392497523792,-0.8169452053418818,0.0660922342160093,0.313588083572469,10
-0.3891820863149067,-0.7909935131462722,-0.0835997119349454,0.0712452611040753,3
-0.4582641238330371,-0.798528646283767,0.3794164445928252,0.1137224504544792,10
-0.4930201931676811,-0.8192575402459404,0.529940877633573,0.2396984094267047,10
-0.5035993293590475,-0.8170501450667108,0.4516639493360101,0.1328989532948065,10
-0.4941481171171507,-0.7824181423892329,0.7803874095206407,-0.0302714678807129,10
-0.5251088411971951,-0.8172863216008662,0.5794507768786727,0.0356615021878201,10
-0.4352844709947798,-0.7651355216926716,0.6248203507365813,0.1937233437818603,10
-0.3764464021679283,-0.7348655136292991,0.3930156279888627,0.1722541008108191,10
-0.3850611183021085,-0.7765367052957761,0.1653206869173393,0.2492249165536459,10
-0.4388169390649539,-0.7921544100068161,0.3895759381210671,0.2080854287871067,10
-0.4299448033164011,-0.8148091163249009,0.0370621356200552,0.2661433231435993,3
-0.3941091264944572,-0.7928586643483595,-0.0794483802482912,0.1167987550796567,3
-0.4666424028237643,-0.8073578151231219,0.3882541201974992,0.1684522506588252,10
-0.4902665687670982,-0.8204644745336681,0.5297254849110788,0.2602490660388142,10
-0.4960856651029929,-0.8117122690619141,0.4607856203499579,0.1097500577249411,10
-0.4831781518821769,-0.7768536215217807,0.7954952400704969,-0.0177907781206256,10
-0.5313346909072226,-0.819500753295074,0.5871678402630958,0.0497737661927728,10
-0.3947959073061243,-0.745925595981803,0.6350668243313604,0.2259804579854393,10
-0.3739484091075686,-0.7411252748587083,0.367793271858973,0.1555673290587935,10
-0.3925792074587755,-0.7812761153810441,0.1651954978991796,0.2791980897618129,10
-0.4549897298855579,-0.7991993946507745,0.406602043963771,0.1990146943361517,10
-0.4526291680659619,-0.8266244173976934,0.0950425261903261,0.2764720050335447,10
-0.4073656745238972,-0.7960192607893144,-0.092134490495189,0.0983962220322627,3
-0.4846093347043192,-0.8199799338310668,0.3875710181376235,0.2195956142825074,10
-0.4999947943887326,-0.8271797267125546,0.4896469467306046,0.232150083332548,10
-0.5054535710845443,-0.8162585394821917,0.4648327853040985,0.0704318793330801,10
-0.4904794219673604,-0.7770056339502889,0.8034043514950349,0.0060433213586526,10
-0.5244432008095962,-0.8157337310893615,0.6165357195708858,0.074749186449063,10
-0.4084843018034799,-0.7536316095854302,0.5938227870908381,0.2250263500435314,10
-0.3872515811673704,-0.7507344273686057,0.3810753406330975,0.1488157667879921,10
-0.3978155394854416,-0.7770298491417025,0.1109100566797279,0.2521908839844394,10
-0.4871576269289321,-0.8117575480712542,0.4380406337518768,0.1705570127875202,10
-0.4839324977944288,-0.8343253512130101,0.136104013484288,0.2357969738507707,10
-0.4284563117357642,-0.8029518448625329,-0.0583516510824106,0.0743527401888218,3
-0.4962535543013596,-0.8290830875554599,0.386015338689463,0.2346553221137068,10
-0.5068095991494059,-0.828663225146482,0.4549592621708515,0.1706319948301099,10
-0.5206747650884664,-0.8211945477248369,0.453632728804388,0.0630183659599579,10
-0.4748027792614145,-0.7846018281448843,0.5736907266378668,0.1308177639503396,10
-0.4972750484512229,-0.8173061712644392,0.3498058359425355,0.2161530890890756,10
-0.4628809838457523,-0.7794883129309034,0.3225326391843495,0.1204222860614547,10
-0.3979113332776016,-0.7619828863684442,0.2455820332520452,0.221058066145022,10
-0.417023958017648,-0.7911495595399417,-0.0511703962572321,0.1156592982910578,3
-0.4345398639623571,-0.7922363837511455,0.0023031088130098,0.1308426188968854,3
-0.3713547188176722,-0.7521168210372393,-0.1846467653660043,0.1233041530203651,3
-0.3528004338531564,-0.7564745571122518,-0.351605234755351,0.040601543238734,3
-0.3971793975136102,-0.7616934967305105,-0.0851217740635406,0.008278738452516,3
-0.4426143946234309,-0.7997749046388613,0.1100837295349065,0.2430000949996812,10
-0.4783096379724567,-0.808250696264253,0.1168599258937889,0.1776938733955026,10
-0.4843345714138927,-0.7905869923514468,0.5685646816208543,0.2178920364198351,10
-0.4842315261175197,-0.814792124522731,0.3043153449939637,0.3063009096657767,10
-0.4538395013652174,-0.7798134606235732,0.3472252361609071,0.1811978419142988,10
-0.3694465438131452,-0.748340672368454,0.2273119659118939,0.2256982740957288,10
-0.4119521655253704,-0.7914369940565745,-0.0534757935448132,0.1366528866309865,3
-0.430090112346521,-0.7881284179155235,-0.0007012696481721,0.1438459880449696,3
-0.3694997938744828,-0.7505846105400574,-0.2312832975370099,0.1174606429942136,3
-0.3478299153474107,-0.7494530364449155,-0.3380895215377886,0.0141643356852914,3
-0.3818676875940903,-0.7498310415831677,-0.064140418290124,0.0137025852297379,3
-0.4433883115589127,-0.7997709494024311,0.1012598260769935,0.2243867455167914,10
-0.4780144547556837,-0.8089666793374026,0.1070868729458575,0.1874325478065888,10
-0.4861573710509012,-0.7955662080066491,0.5521991858508646,0.2836896592416322,10
-0.4711620884895174,-0.8091557793425994,0.2593103329334202,0.3342519837631893,10
-0.4446290255695329,-0.7805856008055682,0.3680595593604511,0.2465096862244019,10
-0.3763900517777611,-0.7486797727067267,0.1975312012733542,0.1978012678819833,10
-0.4066105282321624,-0.7930165757628048,-0.0506047587663183,0.1656084708006751,3
-0.4423297682632133,-0.7936055373781654,-0.0068457083575141,0.1333628953259844,3
-0.3557165334959746,-0.736122983223521,-0.2047202660155276,0.0870631639042438,3
-0.344141906280947,-0.746896709462381,-0.3366688433750822,-0.0067738097036259,3
-0.3811920634832014,-0.7462842527742695,-0.0434768911174437,0.0190560584788238,3
-0.4593822537633304,-0.8076028900307293,0.1348048247197177,0.2058022280287377,10
-0.4874905924225938,-0.8079773938092998,0.0961392413422245,0.1775652609708261,10
-0.4871707536430986,-0.7989763367027832,0.5500120220099689,0.3164609381306663,10
-0.4558528790486384,-0.7997794750589322,0.2136428449590501,0.3648333556193159,10
-0.4329384003324558,-0.7794128599154568,0.3795566048129985,0.2764767700419136,10
-0.3933167520564854,-0.7543440626778899,0.1829978899849438,0.186456125751481,10
-0.4135567170309081,-0.794127396286089,-0.0638606359509984,0.1650276065682858,3
-0.4506822144453316,-0.8014636115674303,0.0074757082810699,0.1507963649627223,3
-0.3550245582005492,-0.7401601258939032,-0.2023153423782276,0.1141817286429914,3
-0.3359789391805798,-0.7436686463811057,-0.3227892081434892,-0.0086191096241468,3
-0.3903460989284527,-0.7498860100874658,-0.0477909779067219,0.0274330858843867,3
-0.4579015767080547,-0.8083445288427269,0.1667184282566718,0.1583982271317766,10
-0.4793700395830457,-0.7991160538641997,0.0717910619629956,0.1777377465160871,10
-0.4864945694066603,-0.79608493929205,0.5651293985018284,0.3404303245145134,10
-0.4605148627373503,-0.7981680330871743,0.199583376466424,0.3641674001499442,10
-0.4349491964111678,-0.7776755597767078,0.377802993627312,0.2672790560237139,10
-0.4054625332297907,-0.7582470260868583,0.199784776549401,0.1906271492406719,10
-0.4163740314914881,-0.7946613496142159,-0.0622005903615322,0.182007863990532,3
-0.4488853183682693,-0.8031480353784681,0.0044594473000303,0.1782834123780657,3
-0.3689318462233861,-0.7602949791503639,-0.2190130285615741,0.1679505379388241,3
-0.3410771915769489,-0.7550744561109429,-0.3714745092414366,0.0859746284290839,3
-0.3886528062666852,-0.7538507691192853,-0.0753537683230654,0.0605528072499384,3
-0.4525000469640465,-0.8036741349166456,0.1694497943980058,0.1253910268313262,10
-0.4681626048041338,-0.7991038448828629,0.0739378471303365,0.1814102936115713,10
-0.4888145512717166,-0.7971702037552781,0.5741922129923827,0.3337039408105213,10
-0.4663853735998882,-0.7979104437690623,0.2278999678499687,0.3361118210860233,10
-0.4659160823758714,-0.7867130574847148,0.3769219591181074,0.1967262943476379,10
-0.4148034275979826,-0.7638942991109214,0.2264551128135241,0.1847025653087258,10
-0.4230298001679937,-0.7959060273545278,-0.0837125437117393,0.1822321949447352,3
-0.452275252624409,-0.8053819664173951,0.0171767086783425,0.1910710886751344,3
-0.3865383352269085,-0.7804069773330806,-0.2322042039252334,0.2225078013274138,3
-0.3537058681669587,-0.7597238307361293,-0.3613651594044715,0.1104701528176848,3
-0.3953759568794636,-0.7640251718781274,-0.0707897024818459,0.1011237903624713,3
-0.4496875402338539,-0.8006088661315224,0.1694070920465393,0.1161290647967285,10
-0.4589558404792596,-0.7997917943634907,0.0891075522102817,0.1852500878773519,10
