0,1,class
0.8575664032837268,0.550048822886474,1
0.7597483947573135,0.4910280156973674,1
0.28051862747551837,0.008274729952596824,2
0.8699370154793831,0.5664396058950903,1
0.6674289668214235,0.6334295543442771,4
0.3378881544658607,0.08406159888004643,2
0.12290689156763684,0.7736880016866918,3
0.6712996711847398,0.6070425167925111,4
0.8122687894304836,0.5429593179975115,1
0.6563174304767645,0.5888854543784521,4
0.6864388833710487,0.5814438704709982,4
0.2872730391084177,0.23784154356203435,2
0.1250246843303014,0.7435375398832443,3
0.31918052525444296,0.10872009353332711,2
0.1768664218956338,0.7710110632809989,3
0.226287701304117,0.14043983075265667,2
0.4241937963956579,0.9005858578936561,0
0.1424101122064169,0.770134199676177,3
0.5119006978196577,0.7838896043206878,0
0.7425321104346984,0.6035317694570329,4
0.825739776181773,0.4183926137325646,1
0.4786660904070001,0.84746838321203,0
0.16542865734597229,0.7304215560621686,3
0.24384209958429945,0.1574907521229535,2
0.4995490091529182,0.7905516637259813,0
0.7591063332514042,0.5700289007071607,1
0.4824559346932907,0.8953675010174871,0
0.07810751074447479,0.7453107601668492,3
0.710603604199104,0.6382196428526631,4
0.0756520432796971,0.6789738113670016,3
0.8148920340811081,0.5020686758568096,1
0.10593389015828214,0.8678725858352561,3
0.6735982032255672,0.625392037588544,4
0.07502768458797267,0.768917786526266,3
0.5218201114524168,0.8722479064516997,0
0.18110028507501547,0.15110709764984184,2
0.7597907737406667,0.7029985179962097,4
0.7016331964430753,0.6320494441489454,4
0.7696673048788659,0.620697409823301,4
0.4319232162745498,0.8211873628472716,0
0.6482083740662358,0.669810870001793,4
0.1262479647125181,0.8188853596540298,3
0.2212058599056467,0.7314067289838821,3
0.2813001818231028,0.15741510765728903,2
0.19796138975255267,0.7320418744440458,3
0.2489822062705728,0.13554497641654212,2
0.7315270807822309,0.5954569010715192,1
0.8367745112770846,0.5197474922888059,1
0.35749914699810303,0.8404832680679174,0
0.24069396061874362,0.10104012856488964,2
0.8067913506191133,0.4602372257794463,1
0.06717764970458755,0.7846415111818072,3
0.27830224181512603,0.13542215628897494,2
0.4686444835355763,0.813959833275395,0
0.507157634296655,0.8646047363853513,0
0.554598798042983,0.7726083961182554,0
0.4859456663104015,0.800624463312617,0
0.23177866114626428,0.1540361672854719,2
0.15413854633175464,0.11299783664178308,2
0.4245648288447806,0.828823512908463,0
0.8341304276548899,0.5637889625270514,1
0.10252361967974694,0.8383239682475241,3
0.20590615590200126,0.11147112105140057,2
0.7218177306544635,0.6232981867656869,4
0.20371843920715088,0.21155475091604012,2
0.811708842286415,0.4862753498446479,1
0.04062762004778606,0.7828271972371073,3
0.1364311151175383,0.7959501899484608,3
0.8794217581621133,0.4826310511472678,1
0.8922153949277336,0.5420633893179104,1
0.09816054022069216,0.796075072107203,3
0.24046949135662757,0.10042792235461223,2
0.8456749267328982,0.5516658833371467,1
0.2747903282587533,0.18507098390157314,2
0.14269652554371573,0.7437079716535412,3
0.47115868043577463,0.8725805251109181,0
0.1627194534409969,0.7163222673160908,3
0.8861343692962369,0.5116197519386361,1
0.7816056236178007,0.5978720979944988,1
0.20767087978313908,0.7798068658797528,3
0.40605417354114826,0.8254185088737485,0
0.9258204649228328,0.5063784651623354,1
0.22593343021299375,0.13973445659562322,2
0.2967340518853169,0.08535934082250815,2
0.08184961546964224,0.8396650392376435,3
0.8637721068254501,0.5306662879731182,1
0.4523842628834868,0.8823681835785312,0
0.7681257864731016,0.6807340919162165,4
0.47018838168578303,0.7443847443514566,0
0.11486720183807853,0.7499344381119468,3
0.7754633825786049,0.4642792615710942,1
0.07925744844131108,0.6655185750381248,3
0.7618975959213738,0.5322867284117502,1
0.7331940222185882,0.6686700774082088,4
0.6315027153816074,0.6169848669842152,4
0.16884435829511546,0.1845694811545283,2
0.36327143837615744,0.8302064445236433,0
0.45432329979299946,0.8100396230957615,0
0.23956439200707405,0.044054165689284594,2
0.08561856283861287,0.7619213588407424,3
0.255676125779195,0.11481766900334756,2
0.6606496889730878,0.6295917892415975,4
0.8277227774917392,0.4753447732819227,1
0.2624308843961948,0.11203239530440853,2
0.41610480289431456,0.8087101665735152,0
0.8349438773195204,0.5505244725221144,1
0.46128015971766756,0.8867318451003654,0
0.2844348952398404,0.12289629037391343,2
0.677858964182176,0.6132119228719846,4
0.42477224107308137,0.8173906344943215,0
0.4715695264430524,0.8161376407909183,0
0.9163310070546754,0.5455033841185878,1
0.19784953998907628,0.1181004257526619,2
0.2326611397807031,0.16316240752272748,2
0.08094912431591314,0.6741657120204261,3
0.47586041793839085,0.8883690161026522,0
0.06510133932091654,0.7484512193488632,3
0.24102143010971244,0.10002594754070866,2
0.4808765713740162,0.7491794975548275,0
0.5959090900113275,0.7567290733639139,4
0.21324800166033617,0.19464458786921962,2
0.5809344027623108,0.7958436639843474,0
0.28244917920418394,0.15125110348961832,2
0.22956098510518358,0.11330357491464937,2
0.17348732710085119,0.19334809780558115,2
0.21157435318903098,0.14957639362234257,2
0.13616029485305695,0.8353510469886297,3
0.24849242497985657,0.19023454168509388,2
0.5242527651246278,0.8364432989861056,0
0.8256641449748116,0.5075948964507325,1
0.8488906993310648,0.5041468305482603,1
0.09594047483409597,0.76085917907708,3
0.8423034575508048,0.48490126727224286,1
0.6694544256409908,0.6558576535881107,4
0.2015759177083365,0.18199941108202367,2
0.7456228214326626,0.6152105014896583,4
0.8539460861744006,0.4991919707171148,1
0.6967338704409223,0.5745239631537286,4
0.4740565994106074,0.8043774870327884,0
0.12675580998734956,0.7489526582854503,3
0.3052559275521861,0.157874299348152,2
0.46418928778193624,0.7875448256544001,0
0.7541075738607755,0.5421721878632194,1
0.45982633498146375,0.8195811334244404,0
0.8907968288595055,0.4469617618388806,1
0.8535699262377914,0.48319186596838454,1
0.2723577664503696,0.08703383680927886,2
0.8419152842098409,0.5482725653985736,1
0.8312467160438919,0.5139466161500456,1
0.6032371927281683,0.626738100250284,4
0.2063967750207732,0.8253578088095371,3
0.24226864632777795,0.13420580441921098,2
0.8666194865191329,0.6228377835238836,1
0.8124758675859645,0.48652344078032594,1
0.5253375459258576,0.8662778033752403,0
0.8720953141258245,0.510598671633531,1
0.7952589214883915,0.45651594546588986,1
0.45705010453793055,0.8470450563411284,0
0.14139070018330754,0.7509548842284126,3
0.8240087171769567,0.4828783266008187,1
0.2455418792297763,0.7265342441474014,3
0.7541701262387399,0.5804264904320063,1
0.14460308411792783,0.767738945049126,3
0.5850360644971435,0.749915627246407,0
0.14175032776010066,0.679482040258438,3
0.7472231401162553,0.5883863038651941,1
0.7387930342792848,0.6456462538466374,4
0.13609577132480388,0.7272212600596366,3
0.4426188050646316,0.8065779987856575,0
0.8094658372016302,0.5216854159844813,1
0.2250673324784854,0.09849405266281422,2
0.4415351186894784,0.8370558708822731,0
0.41481572900180114,0.867170199148956,0
0.15101090856853325,0.12984273181164363,2
0.673787304862575,0.6504154158550347,4
0.2695628131363714,0.11955083558650947,2
0.12532671586006192,0.72633221220367,3
0.14908230839208073,0.1616307617500733,2
0.8634469201904492,0.5315327182484343,1
0.7334553165201411,0.602573461424733,4
0.8006764426484934,0.4469551174917859,1
0.4735782872685038,0.849303364831737,0
0.8123726553407725,0.5403899023349843,1
0.20304941385405345,0.7817541677955623,3
0.7542982874048356,0.6394793067198391,4
0.6707994905401584,0.6969226642310494,4
0.8861834993669193,0.5830636184285127,1
0.314691561835609,0.17069420397883428,2
0.17060393693930076,0.8120802010320296,3
0.47005676570352994,0.8088627909049011,0
0.2541453673517097,0.7734622757611034,3
0.3309478749075318,0.8670291273713007,0
0.871026238478989,0.5854028367394191,1
0.6893228742832936,0.5872209712304495,4
0.8222300995737577,0.5880040572309744,1
0.47165549398262946,0.7847676620290771,0
0.6812515235635394,0.6153588399873822,4
0.2484581045300405,0.1469890530904119,2
0.48372675514793445,0.8285625411341483,0
0.8604530619725763,0.4798920718724647,1
0.2024104409719402,0.21798331625484682,2
0.18441101440559934,0.7221797911966757,3
0.1627529804920255,0.03211703344957894,2
0.31793569688203177,0.10809220391346745,2
0.15576325477256223,0.7282813205063318,3
0.649147447210408,0.6647617683190812,4
0.6903109271116439,0.6467142032681449,4
0.555446782714619,0.8532869166151829,0
0.666422271260961,0.6078397018440015,4
0.8002667713305295,0.46583476372679283,1
0.43891266128572914,0.8699548675167363,0
0.1415334263439261,0.7572540113489523,3
0.16423522068123894,0.7882826637717408,3
0.761193692589969,0.6194428888914864,4
0.8593662480169867,0.44818555601345184,1
0.32641057050328043,0.1156097237651909,2
0.24245384638111755,0.10803261022026912,2
0.2508534265544301,0.15091203735788475,2
0.2098038529537912,0.8107936939947114,3
0.70909941909095,0.6004257547022744,4
0.1857433899784777,0.17373467535341255,2
0.28887350893267677,0.11879336987787877,2
0.4127367792387879,0.8266157090598727,0
0.31500748149149777,0.1721056119370646,2
0.46749138721427197,0.8026227510039993,0
0.6745042503799812,0.6149055818806064,4
0.22145975378762472,0.15005945088703415,2
0.7274155086040264,0.6502682185057664,4
0.8107643033971081,0.5666006604456927,1
0.8505214800163022,0.555496087401505,1
0.5099438890280905,0.8479267115399454,0
0.8802689229332623,0.4268154261441613,1
0.4815422068277596,0.7949077202312043,0
0.8592776759464464,0.6032368540103545,1
0.8329985815348121,0.5483302253187813,1
0.11934064691523436,0.7182036221225159,3
0.43582109280986225,0.8344914223709647,0
0.46812179220317945,0.8221315510525757,0
0.1658855471845612,0.759834060616151,3
0.78975366451319,0.5504729996377443,1
0.7263148757694764,0.6274283425443213,4
0.1505057303997695,0.753435108665166,3
0.1853123065898695,0.03644099877400202,2
0.594580445355834,0.5862007850780693,4
0.3184540447192097,0.1953409923766,2
0.157478331282853,0.15375455141250766,2
0.24080926087340981,0.06636717620474591,2
0.26792035814191145,0.16831960039157004,2
0.1054783745364038,0.7068509868083567,3
0.6992405005049661,0.6612095134031477,4
0.2947567033107608,0.0,2
0.26955916435214194,0.11622078569392376,2
0.6841538832048504,0.59988412512633,4
0.8319811458853215,0.4815597655532851,1
0.7645398913534633,0.6513402445871215,4
0.4228036708498217,0.9254528908178687,0
0.17467670828922846,0.7343868247296804,3
0.922825541408989,0.4999676277808346,1
0.7072297896617716,0.49051327210863954,1
0.5384326223311042,0.8068359239149341,0
0.8113578524599054,0.4591743985739852,1
0.6993641918923814,0.5316627633487028,4
0.8521144113543005,0.4655181532424657,1
0.10186901051239389,0.7129327808070448,3
0.8054027373268587,0.5495786064329963,1
0.13575226525962894,0.7159382298157884,3
0.15985223322531264,0.7530025141107306,3
0.05847524940837967,0.8220412181564494,3
0.2726089149764275,0.21484736765956353,2
0.3176431659719319,0.08638331211493219,2
0.8832562766198624,0.48700216478446456,1
0.951597895868395,0.6058013704475959,1
0.13346538070176417,0.7569132733068827,3
0.7476870705880144,0.5593166685264483,4
0.5053096819191333,0.7657704938712232,0
0.657010059031779,0.5885555836454742,4
0.2442026077124041,0.1777720134768531,2
0.4431622632430429,0.8785703310390887,0
0.17741162282171485,0.813535129197506,3
0.6528514451733832,0.5984139273351171,4
0.6600843602902573,0.639092781239906,4
0.23331624702371317,0.13179168707908626,2
0.8030926744407724,0.5112507755366519,1
0.7691232461647437,0.5846935014319016,4
0.24478322653367793,0.07201877198699044,2
0.08117607217179051,0.7491797204636375,3
0.882539733829639,0.5428163839510891,1
0.8078781147771871,0.5382562816618625,1
0.8214778455334142,0.5623098761038865,1
0.5159022194336617,0.8770454851751629,0
0.7313371081819462,0.5955025198541495,4
0.4972887514104932,0.8450694184657913,0
0.06296292272424811,0.6894686867989979,3
0.6694040753547748,0.6286709198107056,4
0.7731444877981865,0.5505013115890659,1
0.14017893799970266,0.7189757315600807,3
0.6983002210580648,0.6265364991076383,4
0.678817145894601,0.6187408729137482,4
0.42059917004901937,0.7681312606242046,0
0.818520677222702,0.6077698891002266,4
0.1032048176964982,0.7715926788056033,3
0.20241333961882274,0.7612361581551743,3
0.3815211904058566,0.8389436112516664,0
0.7325228638452466,0.6062269423114333,4
0.8525946312492624,0.5642569819113215,1
0.1147713752935648,0.7184902161593678,3
0.095954310247619,0.7638080590576971,3
0.5065555252428185,0.8914975863474355,0
0.17278353682780015,0.06797269989461785,2
0.11310059385153598,0.7630583854984166,3
0.15374904615638524,0.8649814571564816,3
0.23285672619181397,0.14338191143867593,2
0.699820947672272,0.5978341608201293,4
0.7403053583552655,0.6296202741949694,4
0.7095874897700866,0.5690797255609801,4
0.1766368081195624,0.7452389098140946,3
0.22160174801544036,0.2271860319616838,2
0.24386488926465483,0.18126262368168258,2
0.8098226334000662,0.5255570204917064,1
0.18834599160158896,0.10042274285267115,2
0.7712295572602843,0.5436290596198935,4
0.38412924484602606,0.8070103074816898,0
0.28020107843282743,0.15418342510616756,2
0.7199877234384501,0.6078966088339426,4
0.14702847955604223,0.7461602041876986,3
0.2726594140382869,0.08691891683249549,2
0.6487674420901233,0.6660479408157812,4
0.23260297461647275,0.14470490596018637,2
0.10741679292566302,0.7179347809375064,3
0.4771349783123549,0.8681285685334612,0
0.5041276621537462,0.7941061240752787,0
0.1862170560944502,0.691711271480186,3
0.4855176474210243,0.8572670882486905,0
0.4578550872605818,0.8601668602678834,0
0.9235337532383857,0.5683633211139892,1
0.7015422193176956,0.5771341061090791,4
0.014340194697070952,0.7126547976874035,3
0.11006852027273617,0.721005222337564,3
0.1980208497521845,0.7827264890209261,3
0.46271081317064466,0.8057216626051238,0
0.1215702678036983,0.8270219109131475,3
0.7721595859678861,0.5986490012222689,1
0.8029893397034293,0.6158613043720036,4
0.2022469347515781,0.7657796117328532,3
0.6639609084459093,0.5589639848502206,4
0.6515399163942822,0.6341832107902801,4
0.25467327443892834,0.15467914515036404,2
0.15723355882273318,0.10138884311023083,2
0.5409628024600052,0.8256946287040466,0
0.8414925478452734,0.5008011816199821,1
0.22752562946396554,0.14665819932256494,2
0.10207998586386242,0.8058900960750851,3
0.44246265789709927,0.8127871736951344,0
0.4926343099842828,0.8232379337856198,0
0.42025219634026345,0.8379515554326358,0
0.505526131475163,0.8624137773774062,0
0.45130416405557017,0.8643197055692555,0
0.8036197188900163,0.604117859971711,1
0.5129678793366841,0.9156424263926283,0
0.8544700452283727,0.49002524320904506,1
0.678125794793186,0.6698800000336299,4
0.7044400814045494,0.5223521541866101,1
0.8054767722642912,0.47071740616208985,1
0.7226269157100517,0.617550847615338,4
0.8873091168925338,0.579814545560061,1
0.2098112128640766,0.1005738372688796,2
0.2407477356322511,0.1461864667779878,2
0.8527410643411671,0.4860017498703373,1
0.14191758725428608,0.8236873203378968,3
0.2714249848953609,0.12711397708407518,2
0.29510407886791684,0.18403424491512996,2
0.056517220841135155,0.7608300118058665,3
0.2053581655472425,0.23213006593089,2
0.2040605853838134,0.14551325196880824,2
0.2342610587499518,0.1923207652765149,2
0.8677564334335389,0.5132188748910844,1
0.8496518896778965,0.5328189885832134,1
0.23346028192267762,0.20091007395631216,2
0.5228808504863964,0.7968003572097186,0
0.7938730469684853,0.4574570671736025,1
0.42935068408096994,0.8175721197653644,0
0.7177075498675625,0.6046475783115689,4
0.86144947817583,0.4907827238596533,1
0.2975106588243693,0.7828566380030417,0
0.16051153989603192,0.7347332608464253,3
0.186862011008982,0.8534589679562569,3
0.711552334532187,0.6754654883267802,4
0.22008657518832836,0.020844889171940467,2
0.22418240652997048,0.11723549006823618,2
0.7491655318457178,0.5846942863509347,4
0.4146699251614214,0.8531443027317275,0
0.6015334138546004,0.6478369805442958,4
0.007019481205370593,0.7960014550124739,3
0.11392168930861321,0.8053009134408368,3
0.2934969140481433,0.11091022603085611,2
0.40073574006355406,0.861103626463734,0
0.20291657358822762,0.7534202689803784,3
0.4112468629265996,0.8537637606616593,0
0.6454939785681312,0.6285459675249425,4
0.21178457505636186,0.1465954322004191,2
0.6283189260912918,0.6520492973064888,4
0.9408998259758974,0.5841819263087592,1
0.8249360770493208,0.5038707937350592,1
0.8716515090187742,0.44357710176954046,1
0.40195824234638594,0.7754053485416216,0
0.21395982261022767,0.7811755016922186,3
0.4286359858119967,0.8430527438621099,0
0.2857950059433222,0.10121094317325803,2
0.8401784046470426,0.4856172774758526,1
0.19135177647377316,0.155112141508433,2
0.34789607399910805,0.10295839372420422,2
0.48243801624046806,0.8654441309129359,0
0.42561724064248035,0.8435186008884097,0
0.08979523639575568,0.7213611056894931,3
0.21221822057151643,0.19287721639835045,2
0.44162076877286827,0.8578558872653818,0
0.6882095806716532,0.6874959106826478,4
0.16969269267535883,0.16702061560235937,2
0.6979688305180355,0.6157938339619671,4
0.21764211493070068,0.8469241350105803,3
0.23922487260534928,0.7078012942034183,3
0.5242174471881983,0.8147530648268804,0
0.6910837422274664,0.576905158734909,4
0.8710076391680334,0.566811640134207,1
0.45229061011483,0.8051216480166505,0
0.8398947518084899,0.5022047083074684,1
0.48283342845706656,0.8288742133475343,0
0.8606805760434223,0.5258086536266894,1
0.511568578615848,0.8062333415356109,0
0.6114177912494297,0.6745099576510912,4
0.12774576203599528,0.7756382417076416,3
0.15075358829921523,0.7428756544209459,3
0.7543136278705534,0.5863552753012194,4
0.13256100761483183,0.7273399960538558,3
0.5785240213579851,0.8763073129956779,0
0.5073487953374612,0.8669866867825553,0
0.1471738904277414,0.6940570986925714,3
0.23669153717095126,0.1804981112695573,2
0.4465645598944446,0.7905047615170006,0
0.31968764207458134,0.15254598744246595,2
0.1345749587861644,0.8717473215017696,3
0.1296503868913805,0.6995949322196545,3
0.16889197678196013,0.05620705339287589,2
0.21877153386745843,0.7766003549275058,3
0.43607530616209317,0.8367495271758767,0
0.25334514365539934,0.16382813652257788,2
0.2852548642062169,0.061179988574124225,2
0.7672058389864322,0.736414649741942,4
0.29608436975583324,0.18578975495153752,2
0.48410177539938976,0.9002085934960357,0
0.8818234359089903,0.47249740499860826,1
0.21049823548492896,0.16093751280866608,2
0.8587117738793598,0.5034338947555669,1
0.6412485317743672,0.6787978969810308,4
0.7074866575587405,0.6620618528578536,4
0.6399082753218719,0.6241295411155345,4
0.24143062194117082,0.12803327372183648,2
0.726758533737307,0.5774480512170778,4
0.7846616342596637,0.517445649907239,1
0.823531438034837,0.5523887637653463,1
0.7535026019661172,0.6896141948965592,4
0.4000122526385236,0.8416515342651361,0
0.17510740733064825,0.7401610444172879,3
0.22636163612953003,0.7446623286655787,3
0.7909568086625359,0.6333232282479755,1
0.3921183037985393,0.8133895037383206,0
0.8992277604968906,0.49372684549547763,1
0.8719919619272956,0.49719428092601625,1
0.5051365881055859,0.8392294195391256,0
0.8995797414056148,0.5264647744286036,1
0.2136348866730646,0.13927057224661823,2
0.21383274577191044,0.12171925753589846,2
0.2350585855902211,0.15354786746829266,2
0.6919168618390744,0.5828057494820937,4
0.22275051465222137,0.7773411581272613,3
0.4847285545623116,0.9162331730264027,0
0.6204831617753005,0.58561369865376,4
0.8643635253395747,0.5294201219726818,1
0.7826516807614419,0.45351624273000296,1
0.6953390663232277,0.6225177324901154,4
0.7888918881877263,0.6062434929705817,4
0.137250301560142,0.7823847651067865,3
0.2332379259090909,0.13435599477499452,2
0.7975037653600151,0.45627325715161837,1
0.2543848678695836,0.2397236271824737,2
0.5385798550987518,0.810136848303449,0
0.09645415626278446,0.7588189849604975,3
0.26884527981547557,0.15580473155833047,2
0.6714509332355949,0.6354813670371112,4
0.657908544464893,0.5878468339206646,4
0.8205771032843224,0.5700269704992251,1
0.4981746644437586,0.8168474420407736,0
0.87834836000729,0.4542415933305165,1
0.14836709595268516,0.7986285359621307,3
0.7787749586946643,0.43331492467815047,1
0.826821767759111,0.595887211479006,1
0.46941893071794766,0.8955934085274694,0
0.12311076971706668,0.8208980995656197,3
0.5157788692110836,0.860620052868271,0
0.10250772642414138,0.6737159976014315,3
0.4769399287211343,0.8095727253958316,0
0.7421611225766293,0.6263972816243732,4
0.32874197961730095,0.14921349990855864,2
0.7088719398763754,0.6428955280883223,4
0.6706494292798338,0.6635860754675738,4
0.1000934979990749,0.7237587552288384,3
0.12676283189925333,0.7501136615880398,3
0.8053578945850088,0.4947015531620928,1
0.7180322787280357,0.6058359037284309,4
0.4386747392164343,0.8411321179054907,0
0.8265023384717187,0.4576176786614056,1
0.15496372119892315,0.7949721249165671,3
0.8094020213348917,0.553222736762984,1
0.9056580624217446,0.5031901406838404,1
0.17108413676494647,0.79934151025559,3
0.4734463638234229,0.7941629551310918,0
0.12579017767601877,0.7732131436978926,3
0.16315761745844787,0.09747659341744622,2
0.7226466362028139,0.6288584459460739,4
0.37295390342073415,0.8080883404225591,0
0.5227846600202388,0.8261318953044244,0
0.42501120682423016,0.8387909692543268,0
0.5099090027617942,0.844436917860132,0
0.8531215473363771,0.5082546497880199,1
0.7335653721144821,0.4773280207638685,1
0.7449598798200255,0.4658249603881145,1
0.20547028545709467,0.10072825066473752,2
0.861199909250622,0.4931770529206906,1
0.2558019531708383,0.15126848182101849,2
0.20365777170524157,0.11097321423969243,2
0.188443044286402,0.11959676498143458,2
0.4279211265068012,0.8420275962344316,0
0.4287834022859729,0.8103299687868121,0
0.8058354532213358,0.5229242056468741,1
0.8091457603002646,0.4743120814176874,1
0.1381583005430115,0.7054746927178353,3
0.8157747183439168,0.5067325457728749,1
0.4821164266088524,0.8636822264851599,0
0.5443835698483053,0.7676300815124864,0
0.20815575922807705,0.2146580803835383,2
0.2538291489298479,0.17234194200955705,2
0.14348077514865365,0.6926098747450333,3
0.16664434836024164,0.6823398982754528,3
0.7089820076014843,0.7001788231256664,4
0.06721437311298964,0.7140674232472922,3
0.4384410875203393,0.8804322416296467,0
0.7147905530485611,0.6377699363938149,4
0.838540797609377,0.5961104582645094,1
0.3947741233022933,0.7889350793964831,0
0.8423153644535087,0.5558799288776921,1
0.1771519441338155,0.7036037627276108,3
0.11650935501704288,0.7462857279165717,3
0.7908020746224506,0.648420051741942,4
0.39698372913755464,0.9139481313285323,0
0.4237845919365531,0.8198655562916107,0
0.4417391618111318,0.8545174104711614,0
0.8850417077065857,0.5260357829215634,1
0.8953426209733693,0.4956837042222124,1
0.17728365437297228,0.06480510396419235,2
0.693592668001534,0.6071837232525535,4
0.5420890249613481,0.768687120765073,0
0.575377348344412,0.8571031377613716,0
0.973503638790585,0.5197611566509471,1
0.4204511444021169,0.7985556897289806,0
0.4224921894777755,0.7646147041773267,0
0.4327463648635941,0.8721834592890535,0
0.1481519004720919,0.7933081362633774,3
0.7174092304949947,0.6007949294138172,4
0.8485622729273895,0.5138516350110275,1
0.29280218777000105,0.0655935570492609,2
0.81124285443787,0.4987273733273014,1
0.4526276188109326,0.7737779948972847,0
0.27470870647423223,0.14736435097978948,2
0.2860473141915407,0.14388068702260443,2
0.10883185969128159,0.7668731701955959,3
0.6894946326324259,0.6012658107885265,4
0.7918506818483607,0.5050538345916071,1
0.7918275911466611,0.7146739353795394,4
0.714009023597947,0.6055058320256973,4
0.7580420605523543,0.6623213711108233,4
0.7557994594298095,0.5460745706577421,1
0.5001461746058273,0.819941128152366,0
0.21400179334419664,0.7482056823396885,3
0.7289454289751321,0.6204433523866382,4
0.6998088820891252,0.5810038177074937,4
0.3886148248658627,0.7679901376694909,0
0.6797006621185832,0.5852191162522586,4
0.8614057001094862,0.4800672378597201,1
0.10504280912590809,0.7774385775716638,3
0.22667741809190298,0.062091965397604316,2
0.3502374956948491,0.12354805902970772,2
0.7377325455401799,0.6381571265041808,4
0.21335555052087005,0.785775523081602,3
0.605060702327665,0.6188914854823407,4
0.1685420479613212,0.8516056431138848,3
0.45590066943621116,0.9520406490127309,0
0.16532706368394645,0.809987710350389,3
0.6690543940919211,0.5555746295396067,4
0.42291510622498246,0.8050256621456799,0
0.2001184364460108,0.14661519742775495,2
0.4180938566195676,0.8107236087792168,0
0.25009182255151363,0.06526608652160286,2
0.33712715125232473,0.15722204537716727,2
0.8487914342423059,0.5179367990272397,1
0.24850311759061552,0.16285215781381465,2
0.46391395566543026,0.7692082215855607,0
0.11814171524242334,0.7673120358689017,3
0.6658638710609951,0.6145904961446397,4
0.703114620200325,0.6684966058054562,4
0.8890365193908633,0.6038698113738922,1
0.7244170442493247,0.6642208365864775,4
0.7920692863950465,0.5133527256350551,1
0.8983758154864147,0.5360327226167333,1
0.6390483719384799,0.6571292043469074,4
0.5338548086860752,0.7986846190580232,0
0.11097450045489626,0.6852472389588973,3
0.7685752532389045,0.6800876847930113,4
0.6601782677371884,0.6026056735325656,4
0.7574089941987007,0.6194616115547491,4
0.8448541545012609,0.5682121704944422,1
0.3901781282721258,0.7988924423480928,0
0.812462454091553,0.569989720743337,4
0.061065991213791616,0.8382523811988288,3
0.8609145887199031,0.4476717906780136,1
0.5792615875136508,0.7473635363776171,0
0.9077417546568105,0.42770089551896023,1
0.5890468020997593,0.6534010894325591,4
0.08139379829323516,0.7807254300438221,3
0.25359330613688774,0.09818260476497165,2
0.7112807896134618,0.5856408507243781,4
0.3088217983637392,0.1537381916846838,2
0.8449537869638968,0.5126474066971698,1
0.2777878458134589,0.14668249669827008,2
0.20029360286143164,0.7315422488636627,3
0.6981066684756351,0.6046533919975025,4
0.5655353526171335,0.8386567522851963,0
0.8212313803470729,0.507589422631126,1
0.09478088551395604,0.7987339621545368,3
0.49689111127106,0.8591984778672366,0
0.13531456229714958,0.7205184942004452,3
0.7072791117304895,0.6817109719918584,4
0.2237573443602543,0.1006928559557636,2
0.6890637539615002,0.5871977400364684,4
0.2736142140423737,0.06046840536734655,2
0.47896963033040924,0.7812746571965861,0
0.29071327241757366,0.13030521493879169,2
0.6542582531800363,0.6351260482893831,4
0.7894785946200767,0.5466489985134012,1
0.8775687413805564,0.5151562681782756,1
0.18432755187143995,0.12118923192270188,2
0.7527483290576081,0.6017280313623551,4
0.6077337055488642,0.5964826328771589,4
0.24305223978869364,0.15716580301362676,2
0.3239379425865994,0.17443662794175194,2
0.7145422477099896,0.6357580452751402,4
0.7909849299441616,0.6560368079155339,4
0.2473845374496734,0.19980523498762326,2
0.0782431611303257,0.6314911818598645,3
0.8518029754158347,0.6150366833645624,1
0.4003397445611097,0.8745346010292263,0
0.20429897243834197,0.07073979025262649,2
0.48246013947289934,0.7450490543126408,0
0.20538917501674064,0.10596827856503248,2
0.6982607868546422,0.6352506148231709,4
0.767044294012879,0.5467418858791089,1
0.7737823076614199,0.6111727659553976,4
0.8145614464519686,0.4915343956110739,1
0.2559772844636692,0.19541272565918205,2
0.41064723296217226,0.848186587150443,0
0.8389273184874485,0.5916389450162512,1
0.14940418997409405,0.8306866622960783,3
0.4140885762194735,0.7753594178575601,0
0.32120166319089916,0.07951138627566372,2
0.22675285561612332,0.13308533025018773,2
0.800821785672256,0.662662829415996,4
0.7457894184202329,0.5213680054757381,1
0.15741816823875077,0.7895287916629855,3
0.7666942018273002,0.6346599356724656,4
0.13896779310955543,0.8281814043539236,3
0.22787600777496614,0.12925943462115927,2
0.142490604015891,0.6980731951538571,3
0.3834482938038946,0.8418269153449134,0
0.8432009057052491,0.5380637263966798,1
0.07058804311733587,0.7801247232085743,3
0.3197072715856661,0.13249306424637952,2
0.8834969329024309,0.46907373206688,1
0.7731190140856096,0.555689892100925,1
0.7485404426723256,0.5907359906155334,1
0.2614690681398401,0.10760858124119049,2
0.7866359105590816,0.5689695757027322,1
0.4178601639344745,0.8207770325462567,0
0.4831111357746392,0.8759501039316441,0
0.6995636400722894,0.6050024939137348,4
0.85284207740917,0.47948477420372815,1
0.44151035977606595,0.8568356273501816,0
0.24821016180124872,0.042127826265139785,2
0.4911327880782549,0.8284693878034011,0
0.3208432377285473,0.09307400659030923,2
0.2160732187287587,0.08108106138740584,2
0.7175017704367072,0.6156318842217349,4
0.8782951166703356,0.5059229350253549,1
0.7025771141595265,0.6547393904263931,4
0.4352659117790485,0.868232962992841,0
0.7576601575416353,0.6261681016699169,4
0.235054093509274,0.2119906868167794,2
0.16783518164317915,0.7760974299849457,3
0.18406305521457467,0.7455099033037047,3
0.7581415461498069,0.6417513157562698,4
0.8558498624442644,0.46439494323958236,1
0.07690648106715485,0.6334816006982876,3
0.06544774274298923,0.7328761719562723,3
0.24845953508834104,0.17820962200789606,2
0.7282740302399964,0.6744954011075185,4
0.6956693862361355,0.657318838140284,4
0.38683507843368925,0.8100469817688509,0
0.518529966146825,0.8516108829133875,0
0.6882619806308342,0.6499718223007217,4
0.7340337903385105,0.6158704242812911,4
0.8136709735159594,0.47161341777598825,1
0.14185463717150967,0.7506371392287405,3
0.6058987933861509,0.5489984255802204,4
0.23877769533443535,0.08398087161744955,2
0.3777979254595615,0.8918641707383672,0
0.16727967491401488,0.8296488300636878,3
0.1362953185456508,0.75464985974364,3
0.6449156714328068,0.611180311428125,4
0.91843049240779,0.5226929751954487,1
0.48024624588979586,0.8446653754120922,0
0.6230465479576036,0.5717032996173386,4
0.3303007892385108,0.13999506790352617,2
0.5617408225322786,0.6513456267825471,4
0.835428443540407,0.47629273115603826,1
0.7062060567393091,0.5698396960721701,1
0.7335583110623478,0.6046134688587245,4
0.29460272710357865,0.08695945927213497,2
0.8029369789144051,0.5403802225976782,1
0.030645181416179366,0.7762303015477859,3
0.8049059110063823,0.5299124465322519,1
0.09626469251119969,0.7968310611060573,3
0.6397799173797521,0.622466135777407,4
0.7899933754716586,0.5675766068257825,1
0.3630100095540518,0.12727828107136938,2
0.10648262701536584,0.7864425007539915,3
0.7477109365565368,0.6424810911515875,4
0.7486717501736456,0.541612867626869,4
0.17481819713270907,0.8060675104845851,3
0.23114430538689565,0.16800924602206443,2
0.45704304554970837,0.7823017779824247,0
0.46084188341400684,0.8991180899508405,0
0.10397786742365261,0.7429281925602099,3
0.28827006460069543,0.10867859925625546,2
0.09037361953436994,0.7388538821183022,3
0.8427605915937366,0.4523259845206629,1
0.4132672497284082,0.8538564982734597,0
0.6834617529427803,0.619465710132055,4
0.7157804811927836,0.6785315548860292,4
0.24229685129377562,0.8122285630553358,3
0.0961853295399877,0.7838537372169406,3
0.7500159638798435,0.6409807055355121,4
0.18614666959641377,0.7245337916079176,3
0.1264671502172403,0.8327917187582269,3
0.2380005189400374,0.764873498940591,3
0.7207134256314653,0.6076357922357715,4
0.7916981277521978,0.6734913803833947,4
0.11320423286754379,0.8146428741640536,3
0.4472829588689121,0.8682448625702428,0
0.18701778776177566,0.1650120014575867,2
0.16943074574507272,0.7398975440633054,3
0.4824838095117072,0.8290997390537542,0
0.3994510211696869,0.8149751020095514,0
0.8708889986140262,0.554332711666863,1
0.6945169795694984,0.5868974139384626,4
0.9713324846490152,0.5218511118155338,1
0.057505790930923006,0.6798589186942581,3
0.2136901533463572,0.19546497099051696,2
0.431302404755934,0.8227288593150657,0
0.225877101191761,0.12310685850408519,2
0.7389089912056664,0.5473202580296348,4
0.4677295638910535,0.8512114344353782,0
0.14029251108088153,0.7840163140786239,3
0.5030991218890234,0.8392412470877071,0
0.09173985379057911,0.8303758557715322,3
0.738682926185583,0.6378525690097778,4
0.8464695401456711,0.463424921365506,1
0.10703124971506213,0.7739452190588495,3
0.551806429303813,0.7799957823016941,0
0.8509662007085502,0.5006109915070662,1
0.08701405871115814,0.7747684646968798,3
0.4921306450855537,0.8842925328144766,0
0.13761593123022123,0.7782571959416367,3
0.6858245645780711,0.5499101954579264,4
0.267912151691473,0.08264264171105545,2
0.18378702012125228,0.08241458604838814,2
0.6601309972145155,0.6405790092415088,4
0.44879006394700055,0.7681059967810593,0
0.7328942086952794,0.4887373276160416,4
0.13662494956680796,0.7573248404751631,3
0.453968780648386,0.8460379984562902,0
0.4924562491207189,0.8690583988995421,0
0.4588808790346961,0.8489046222732128,0
0.6360310145966216,0.6381118033702345,4
0.23318118930544166,0.183770818790597,2
0.673700331912872,0.6264250825280365,4
0.7018828354255114,0.6127696450384178,4
0.8513669999198975,0.518756160313242,1
0.7367747690760992,0.5998825373086542,4
0.820433754687394,0.516114085326734,1
0.4199684759501174,0.8168070709669543,0
0.21473419742703945,0.17495282969208453,2
0.1859660273938907,0.12889251282865782,2
0.6414815305334538,0.5936220254582198,4
0.4645602240130652,0.8385496283886849,0
0.8498135419160788,0.5164921743568154,1
0.41063124921865657,0.7790328876819047,0
0.47711871170456094,0.745156883972956,0
0.8541102710397015,0.5077735225192406,1
0.6964570374249534,0.7621596507558864,4
0.8372548130411186,0.46992670593769287,1
0.6996137975482782,0.6027457832124871,4
0.12470029986833796,0.7223137241433358,3
0.4609613095350536,0.793209643752033,0
0.12493016855710665,0.739255839170241,3
0.5135383056744218,0.8248900077255436,0
0.1446258701967703,0.6887888911201793,3
0.6843207767428189,0.5763892795372603,4
0.7326961423704899,0.6309903990873446,4
0.29929604983088576,0.06639688365744432,2
0.4819185514276495,0.8070673625393897,0
0.8038128911322616,0.5257614568791735,1
0.16487440716001517,0.7188447898935276,3
0.2962589649285745,0.05612000975675894,2
0.8107733135653745,0.5801679800272701,4
0.49539881978132455,0.8591958925367269,0
0.8878808803646234,0.5018680589231274,1
0.05335325761530016,0.8117359073573566,3
0.7848447927210663,0.5519779640983782,1
0.7557347075400975,0.6908424453861811,4
0.2688473961142434,0.14168929392580867,2
1.0,0.5743179040530971,1
0.9430835560914288,0.5213146295006962,1
0.22439266075360856,0.7365024550267675,3
0.13360705356144864,0.7828110102686151,3
0.20864792707619237,0.15446268002924332,2
0.8515524625289699,0.47450993555532955,1
0.8470930533793002,0.5299931553349853,1
0.2834141171285453,0.15704214846406217,2
0.29048837801183336,0.1404666026288947,2
0.9706188631742488,0.5267749716426967,1
0.30404288454814277,0.14235513529930496,2
0.6485766665587364,0.5715499186574207,4
0.6808215661429879,0.6764878445347373,4
0.8624417696840712,0.5359511824904345,1
0.13381758463072135,0.7924202269667568,3
0.14606740000168203,0.8688057752982562,3
0.7598687848447039,0.6119115157683224,4
0.7591932909969369,0.6232105309541791,4
0.17752961034594592,0.7309962990966669,3
0.08592895531204528,0.8542350025180963,3
0.15591449662854895,0.7993356171743115,3
0.2702178547568622,0.22190667969093383,2
0.6197127717142108,0.6598659653404645,4
0.05159826493176467,0.811780653729807,3
0.26057148016379583,0.13902336283130046,2
0.32219164364268943,0.16831923227850734,2
0.49206588107628724,1.0,0
0.7459086674279589,0.6491500742067211,4
0.8692289240090256,0.5379755341428951,1
0.17533516746274028,0.7738700482340305,3
0.6950192144823174,0.5976148107114848,4
0.4650305770284728,0.8218371105675546,0
0.692074384434693,0.6709835007309732,4
0.10897816241010784,0.7819292950343177,3
0.5953352708352704,0.5924682316245838,4
0.7300505524882448,0.5177456236800165,1
0.644065965686382,0.6023188055488345,4
0.19967688065830808,0.7919775057914114,3
0.30291288888330276,0.09354034490921488,2
0.20691913382606256,0.10847967326262535,2
0.13195900618352094,0.7254186346545753,3
0.22810127068087993,0.13554478047956142,2
0.19792859823394937,0.7015619145640543,3
0.4675140577520847,0.8336976876726814,0
0.4950228283915706,0.8995421293523871,0
0.4579738998336486,0.8483074660806693,0
0.48126044071274543,0.8041450095949881,0
0.6492221296148231,0.6403754473811735,4
0.7756843273026626,0.6086948768802111,4
0.10785111801193481,0.6960982070624347,3
0.2238550457566201,0.13781849386200576,2
0.3203369783994933,0.20632335373651017,2
0.10363707992769226,0.6436194615709255,3
0.47147934962429167,0.8622274918320695,0
0.1413786907727516,0.6696227803228892,3
0.09978786475628051,0.7012096842138803,3
0.10893958132373652,0.22885280078282283,2
0.07385528585825758,0.743898511988759,3
0.19167266631246066,0.777970727494439,3
0.15961282329337892,0.8073008431458497,3
0.46917978116426534,0.8566394488183985,0
0.6928160476058236,0.5968478684184888,4
0.7079430637621522,0.5560698583355015,4
0.838590491338291,0.5219865253547312,1
0.8812618672972445,0.542588179380397,1
0.7577652110231271,0.6697223365667879,4
0.6990403042095873,0.6398124665178395,4
0.4075210844030905,0.8495923356104904,0
0.7826561942230568,0.5485684812267647,1
0.8791224186768689,0.5849046514345916,1
0.893718098177602,0.49816254773350227,1
0.5688756962556618,0.60582972024436,4
0.4652656260444987,0.7896897458752506,0
0.09888375281159584,0.7216812315781691,3
0.5321234727482349,0.8375228873171084,0
0.7227030658746247,0.6977454037340312,4
0.9259853612877121,0.5593828452878736,1
0.2665630189559819,0.1792970840499975,2
0.2647139010628757,0.09058693123091063,2
0.2367274158600528,0.14783349811108043,2
0.15779443405096372,0.7895065844362581,3
0.6659481912576375,0.5370917434780689,4
0.5669977926696662,0.856637466790859,0
0.09410190708393297,0.6991017125207029,3
0.8359044530940564,0.5713263058710619,1
0.23683469344558938,0.8238814368020163,3
0.7338263127565611,0.6991673724166361,4
0.6470336533760913,0.5563574200046693,4
0.10052187817252078,0.8140549942725687,3
0.4310998005250142,0.9132237558373114,0
0.2514684855610673,0.10816044668426966,2
0.21431372541403634,0.7461682590690288,3
0.23671266703392735,0.14032867923473025,2
0.4998711236146039,0.9279111410698526,0
0.9201572780753899,0.5254601721073555,1
0.75442623318755,0.5264368984463331,1
0.157617437886411,0.8588712984937655,3
0.46027098047571086,0.8766819288525829,0
0.48518877441876035,0.8181283029476466,0
0.7211101010538692,0.6391479074269231,4
0.3585766272157092,0.11839147486296539,2
0.838748942513431,0.5525400200558651,4
0.7053908791441793,0.5483348620879668,4
0.16468149950151914,0.08920191949800736,2
0.46181624263283005,0.8518896900771752,0
0.5095270217529633,0.7757217637435293,0
0.704035348305434,0.6950110093099007,4
0.5265075172791496,0.8664216743393203,0
0.08547275707256931,0.7515655912689732,3
0.22896369500443012,0.17391465080620838,2
0.26696347124140096,0.16249141168623205,2
0.21242031515755389,0.14080336944568078,2
0.21315726359840165,0.05122969191841022,2
0.408159043423385,0.8496275781163343,0
0.48112594547411586,0.8052249245762647,0
0.3049091127708947,0.09714797789520759,2
0.27897858636495654,0.12980348597432062,2
0.43372084463557864,0.8572697166111783,0
0.5400075753716509,0.8733870044998837,0
0.8761161208714424,0.47254052020943776,1
0.4878978567888366,0.8063133687592364,0
0.19989231096807283,0.7890086481152994,3
0.736425606872473,0.5086972443622535,1
0.8323455391734912,0.501747388943852,1
0.14521395278296287,0.8082936332726657,3
0.47234247097567583,0.9424536012289336,0
0.31331229281684775,0.1397159998969769,2
0.238886349218775,0.07365975272918478,2
0.05855585177853995,0.7345495673988796,3
0.3675018802909785,0.10924267282021609,2
0.0,0.796923025654255,3
0.7555325827631829,0.5814415995743906,1
0.749310328523314,0.6302316582265352,4
0.8248015133468994,0.5568568424396525,1
0.7087763865496273,0.5543689611355119,4
0.3018020929591739,0.07921354476663656,2
0.812652126382098,0.49602227716294106,1
0.12598724988856722,0.7611455235379121,3
0.12811855785308782,0.7176198796543081,3
0.43664176798729626,0.8213291391688448,0
0.21937613896794925,0.1877640884436475,2
0.7105769329364949,0.5833738857890336,4
0.18969202000301447,0.783109294359609,3
0.6742737715271242,0.6797894424300985,4
0.9210163662082187,0.4537346212290038,1
0.6889982116145359,0.5777118402871332,4
0.26682456240297225,0.2268742411111844,2
0.8252788831638881,0.47925990466492224,1
0.815671278800524,0.4848615503972771,1
0.23560237152948088,0.22645162959677964,2
0.6982576633133871,0.6548131955873944,4
0.428219019923202,0.8669383630381462,0
0.5808966289358978,0.7934633367203366,0
0.46361470589999354,0.7906216024663484,0
0.2371446458617219,0.17887283299042775,2
0.16749469027456837,0.16490366055746053,2
0.9352198718966555,0.5747470335097541,1
0.3573801027630141,0.8104043273830002,0
0.7637508019786521,0.5544614408748083,1
0.09903863819357105,0.7494197824673325,3
0.8433347109530099,0.5990503017263118,1
0.1854731913807476,0.7817459041146252,3
