dim_0,dim_1,dim_2,cluster
5.918021163548792,-0.6812615462759914,1.7962860997678076,9
6.615838318124453,-0.645680002435534,1.7053733598609528,9
5.7965168609706055,-0.5587407058617107,1.726014622570834,9
5.962062535109083,-0.4583639200448842,1.5092386659941712,9
6.773636556318127,-0.6956692792188875,0.8095411823404777,1
6.270061832140047,-0.6977741132210636,0.6118145707137578,1
7.273195662420113,-0.7023263620331635,0.596234576518028,1
7.90568855560062,-0.8075593203194187,0.5307929649758851,1
6.520488326525239,-0.5693047997696895,1.1674894779007905,9
6.971050563747552,-0.4963301253162782,1.6848668347698967,9
6.242896521699345,-0.441419324345741,1.2671458412656869,9
6.113695805912101,-0.6546324189663565,1.7628492206059676,9
6.727067437050287,-0.6609805199348651,1.9361550197861803,9
5.699821563332712,-0.5576151738415699,1.7937907073934598,9
5.925092121772792,-0.5130560928804783,1.237282106515478,9
6.7507528279818425,-0.5499643951893545,0.969325708442119,1
6.324611986328837,-0.6596405819007589,0.629235468231192,1
7.073685300653812,-0.7969483135417996,0.4370520790282268,1
7.934041821393969,-0.7985650503341536,0.5307495667891129,1
6.591804503908372,-0.4930852246706051,0.8550297152029764,1
6.938008813490065,-0.5339717035660541,1.7741582673607228,9
6.377491484914818,-0.4311630565981718,1.3878903620792538,9
6.22913059887785,-0.6432811311730602,1.756112086665233,9
6.954671232646205,-0.5799637025610922,1.8156603784843963,9
5.737682260575957,-0.5367243106196573,1.8475866829596088,9
5.968860666129573,-0.4587271026275072,1.409427749121124,9
6.447903691246438,-0.5229723610043462,1.1233629632452975,9
6.077615736073305,-0.7150450075242608,0.524590933688083,1
6.694374507457052,-0.9900808457523748,0.1467987356904883,1
7.784546072635632,-0.8030936393606171,0.4699545633485746,1
6.9510297859800785,-0.4921796294007988,1.1693551983383454,1
6.88205012847967,-0.5921463554477465,1.7754200312678043,9
6.459055730761652,-0.4490977296331911,1.491871643600433,9
6.346942202832762,-0.6245358554831852,1.7384986805955671,9
7.236702530409167,-0.5434665477514842,1.8144485478529755,9
5.837445583741943,-0.5501781491583893,1.9539513490118356,9
5.900436883562667,-0.4546115869628317,1.511148863609758,9
6.253598700931785,-0.5414347945166668,1.2005517465104358,9
5.70398738597132,-0.8621194697755391,0.3920576610908673,1
6.921312715351865,-0.8802773666474387,0.2807730601074966,1
7.308306235340928,-1.1097736399966276,-0.2332317144083268,1
7.18916732141018,-0.4695064397737365,1.2036956758181625,1
6.863954397516315,-0.5406500037543162,1.5716439263508126,9
6.580209312348995,-0.4636277477256056,1.614616789814875,9
6.346305987720464,-0.5954726656982899,1.6978074303816515,9
7.145972732998693,-0.5547280157406304,1.8069677922389984,9
5.741606545486031,-0.5723499852701521,1.9144767332565225,9
5.825357509738329,-0.4720707378668382,1.6828851668090428,9
5.946952914102279,-0.6187090960033846,1.0385491498351886,9
5.525046762500908,-0.9063690581728346,0.3817407854142131,1
7.007840609423408,-0.7596929464258199,0.4368439099620438,1
7.361829679618263,-0.7934150007946797,0.2338014716128196,1
7.265863716122487,-0.5090062593337183,1.2756525810528954,1
6.803307034683899,-0.4636417601987157,1.656584344914408,9
6.642413941908907,-0.4535223366090892,1.5060145593289571,9
6.277204106755169,-0.5828932889798945,1.764370784754808,9
6.787396746582624,-0.5913027386890446,1.7760654223963788,9
5.860848526364891,-0.5860021210664237,1.9075528288083,9
5.85288506758651,-0.5209652185152018,1.6326038871555095,9
5.660474184360893,-0.6245087916901765,1.1330696175081767,9
5.767486540446512,-0.7764961510585513,0.5030284722787198,1
6.718156819750955,-0.6924333765113289,0.495307394481543,1
7.221782014277106,-0.8042353409778299,0.1543475290338102,1
7.248192695029568,-0.5855491853323637,1.6515228470965837,9
6.471622574916812,-0.4490043041404936,1.8602433863092551,9
6.480362406304373,-0.4405001573282573,1.470130861059161,9
5.549280335433212,-1.331961073738197,-4.516099375525477,8
8.56391057239914,-0.8036004717321251,-4.5335741839619015,7
6.133526152122402,-0.9674390330718012,-3.968327878422985,8
5.4707330114658514,-0.9551502108111412,-3.459094080906175,8
6.607241417309214,-1.064404581393789,-5.022276643492392,5
6.746276038405698,-1.2919722458338645,-5.829714287217731,5
5.935905972494813,-1.1354627705255067,-5.039007152643869,5
6.350368607929498,-1.596394467525442,-5.836674061033041,5
7.358901228202719,-1.4964024947291332,-5.820795770021289,5
7.065545782081263,-1.446671695321064,-5.214909838715078,5
6.008061698483192,-1.1606602753658417,-4.9748347274407045,5
5.630096298521142,-1.4426102155484812,-4.662754904064013,8
8.053163120988492,-0.7819694585791445,-4.230727701040529,5
6.308677400733446,-0.9314263222716826,-3.92970981240992,8
5.609025821334736,-0.9531198187201512,-3.708478504804137,8
6.466615707996507,-0.9975623077768558,-4.725453193816474,5
6.554833826982643,-1.312929326431215,-5.958749961026953,5
6.427516037894172,-1.0002873255104805,-5.129404865033856,5
6.371530579765715,-1.5497780205537326,-5.741157881980556,5
6.7123056235556415,-1.497821907085678,-5.7325123598066865,5
6.973632838309946,-1.2524846352225811,-5.1466410538866025,5
6.126356643601578,-1.2984209595140792,-4.9770095544949635,5
5.381205871879061,-1.4942064063977971,-4.622067001955053,8
7.774419723129483,-0.7671860995827288,-4.071243806178689,5
6.050689268479023,-0.9160145599351698,-3.782341916229997,8
5.635427302047237,-0.9258474855749412,-3.8156047915848816,8
6.2822464605216215,-0.9886427798597806,-4.516099266942275,8
6.4820969855956045,-1.3269111489963337,-5.692885970687905,5
6.7216002590510895,-0.9669477520947978,-5.132226354862943,5
6.450878691018864,-1.5255788916551518,-5.574435382083076,5
6.405844078206183,-1.5356146895949805,-5.560055519881712,5
6.893913317795914,-1.248923489234365,-5.021461639240431,5
5.916590180393611,-1.2106073810259337,-4.748989999425859,8
4.922659161871827,-1.5881248945367192,-4.439846311096327,8
7.72517488426565,-0.7861431834172983,-3.949422682016698,5
6.113218564432521,-0.9109525262533524,-3.7361828237964096,8
5.494497577352616,-0.9105010838780832,-3.741426790950058,8
6.059387196166258,-0.9367265117262514,-4.422141429735181,8
6.761231957212632,-1.2424606301536223,-5.594852278312872,5
6.93813849708575,-1.0769318824404774,-5.4150664567479,5
6.295489934797324,-1.6005709151291656,-5.642584313758107,5
6.659151470550142,-1.4758036368673215,-5.396353246250694,5
6.690686059224381,-1.357503404652249,-5.307098709477324,5
5.8896444745232355,-0.9229574218550572,-4.473885596408397,8
4.5233699764432425,-1.5895638640757428,-4.186318079474832,8
7.612393401128152,-0.7851323672607713,-3.870490672250221,5
6.210456670057976,-0.9238477422435064,-3.8621202268806423,8
5.364142412144273,-0.9329581006726664,-3.751625962384887,8
5.588436794058122,-0.8299675541968429,-4.102434904066615,8
6.933052360103614,-1.1822926520499162,-5.579126057646155,5
6.905731116741832,-1.1251272316791667,-5.588385938724184,5
6.3804982068709375,-1.6921735258611832,-5.906660777372402,5
6.861218892100211,-1.3774610440699924,-5.493504513507964,5
6.267584240383635,-1.4801818176294883,-5.333601387737612,5
5.809267902801037,-0.963934928446137,-4.593208540470949,8
4.365599607165877,-1.527283378082933,-3.96772177096317,8
7.628132086258482,-0.8136696382870953,-3.934640641533691,5
6.565165845499921,-0.927554106144969,-4.1194669541844116,8
5.263561173467026,-0.9312002275904512,-3.603273991575022,8
5.22722779576867,-0.8957390227075434,-4.245451489575415,8
6.627859654112876,-1.0807441423406403,-5.310507873354511,5
6.565017892878405,-1.0646586883206857,-5.484455904593043,5
6.6108202691128195,-1.6856404500343312,-6.066196457054616,5
6.619862413552051,-1.215896543640023,-5.250439827170147,5
5.678224324444845,-1.474181887032921,-5.000392371504015,8
5.688430417402682,-1.000409530794616,-4.681224301029256,8
8.022027669304922,-0.4539842569509345,9.870079396264387,2
9.671552504238074,-0.5679490041033332,9.778433905364802,2
9.29447869554659,-0.7926850945943498,9.375749254708795,2
9.36836094632038,-0.981062932597849,8.732983391374818,2
9.865942014102492,-1.2129899642732698,8.103750082820447,2
9.611137447270162,-1.1902660943970025,8.436816463421811,2
10.28696598603741,-1.3273680006909223,8.143327182768296,2
8.571442721015272,-1.257111340802853,6.863263641533465,2
9.440476908751986,-1.288409112879636,7.349061513491079,2
9.679780851282048,-1.0635549005547742,6.529206108273107,2
9.24987791890808,-0.7912102234301563,8.478604173254842,2
7.921418732361888,-0.5256427169537687,9.961841240589864,2
9.728313449173442,-0.57429997964078,9.86833600930633,2
9.36091106782128,-0.745130791904572,9.398788020269809,2
9.489315484646289,-0.9525994758344496,8.776451274859008,2
10.198220144228188,-1.2519378049221237,8.289272662945882,2
9.75061616808435,-1.182881807119948,8.490952212911745,2
10.19256085888142,-1.3863076821175675,7.973287109816359,2
8.68469381239248,-1.245069402632664,6.781854989971655,2
9.043175079704366,-1.367304889697762,7.407174301294222,2
9.24994209478596,-1.1285427769981171,6.348171494047762,2
9.359489869962191,-0.7919334526267247,8.308736717057503,2
7.958814744562843,-0.5004455469633377,9.927628753746855,2
9.955034840819796,-0.585078474430143,9.940192844688909,2
9.511804866942938,-0.7452344879284611,9.474166553831688,2
9.605352986908173,-0.9513869502204284,8.779873412673641,2
10.220669672133548,-1.2559050214570744,8.274460325088622,2
9.92277399297812,-1.209711795804412,8.481523813396837,2
10.059512146586504,-1.4451792453196457,8.046131814839011,2
8.836894716292255,-1.2381316817855323,6.7972978051596185,2
9.203262961435131,-1.1877991806858137,7.652027350916689,2
8.95792133739309,-1.332954245132673,6.092952462063771,2
9.087684047494438,-0.7187175537174714,8.071174092534841,2
8.176752421547988,-0.5218259965911806,10.00129835818008,2
10.071139038037783,-0.5912092823352713,9.988713973481088,2
9.91387092158781,-0.767656447459376,9.585182861510296,2
9.815943402797204,-0.9901009728447964,8.730070042698715,2
10.369679892834029,-1.3091574371352508,8.353519509682933,2
9.993366119142957,-1.1886915848287438,8.615067424048583,2
10.396695586766194,-1.4087383791047272,8.250522830466357,2
9.187778486981582,-1.277578145251517,6.870624916799637,2
9.413499201278508,-0.8717071427003699,7.729716071955043,2
9.081438494338263,-1.4103283795281845,6.108439359850276,2
9.245577333245835,-0.6295085728154032,8.149640012537132,2
8.373186406192058,-0.4876495093397934,10.072474221098805,2
10.34449399289044,-0.5613492891980796,10.206779211836611,2
10.257557763616644,-0.7304988180847465,9.781861764071763,2
9.842035067173176,-1.0130848120963707,8.768344134815143,2
10.418773445827425,-1.2633685259066694,8.362868050006464,2
10.072979497912216,-1.1113814439316885,8.862763155544878,2
10.600772266196124,-1.405734632421949,8.370755524940764,2
9.659520356097334,-1.2921210051497751,7.476059228283151,2
9.616039268292337,-0.8212378157424616,7.664160543696222,2
9.016565841949133,-1.4542274246246794,6.103461309457852,2
9.264303631669597,-0.6123349076613324,8.246680495322916,2
8.734534633997704,-0.4323669413426981,10.342338025890818,2
10.531416730005343,-0.5573850855939193,10.344111000201227,2
10.430683513660709,-0.7570961650870076,9.979658402550344,2
9.781640173319545,-0.9941763473397688,8.839654612354007,2
10.140445726218454,-1.2464017419960574,8.280786241146044,2
9.946240770484112,-1.120151715347898,8.753578355123105,2
10.584097632774268,-1.4089569764174263,8.35367954759196,2
9.273729622812027,-1.3116532667705416,7.001511603695043,2
9.947443353117036,-0.7714236007331028,8.111006627607608,2
8.962796612257382,-1.45269792701061,6.048556134643085,2
9.208434628801228,-0.68227907779317,8.335830165024888,2
9.14117097104856,-0.5758814576447815,-4.426264197700406,7
8.232336811638074,-0.7099501007376374,-5.034088384769753,7
6.466648006793168,-1.0597417502637154,-4.889841059880935,5
6.309271197871309,-1.141835982646538,-5.777112569482916,5
7.060214080423676,-1.0962752091144818,-5.8943522661799115,5
7.386381464280099,-1.1686339179929093,-6.127870744495753,5
8.81420625545643,-1.318530642021701,-7.169822962861529,7
9.577869292798296,-1.6287420421089671,-6.963761558683638,7
8.552631256985304,-1.1786121744638485,-6.474502532720375,7
8.854623017602009,-1.1887768878432978,-6.3314886681553855,7
8.167477508532187,-1.1415245341939084,-6.162299036390701,7
9.18862779702644,-0.559377886789138,-4.35556257233357,7
8.529150744732991,-0.7005896097096638,-5.157406348220507,7
6.93915518115819,-0.9657944344946628,-5.005524800495854,5
6.391939475902781,-1.0686638826141794,-5.557055463169261,5
7.39316736928277,-1.1493727441500032,-6.088511117535138,5
7.7727348511094,-1.1183458030068163,-6.338934460357714,7
8.944829656082417,-1.432409303242221,-7.238610146810625,7
9.44245059131945,-1.696296617305146,-6.943329107639805,7
9.147132929131798,-1.3692672707614908,-6.8300740077822235,7
8.706907158986466,-1.1615788850415547,-6.309495879921564,7
8.369168521341075,-1.1495227053196335,-6.233557705142765,7
9.042998840742523,-0.5714684507471761,-4.199647351444803,7
8.566247458161467,-0.7028815273659973,-5.204530449783452,7
7.05163407395134,-0.94830238960004,-4.799070356326457,5
6.244166202788361,-1.1129761590051277,-5.611962990721829,5
7.692842750943639,-1.311669845545523,-6.399391625318581,7
8.048742356360053,-1.104969038525215,-6.232304205577011,7
8.938800156586918,-1.5826913195376262,-7.337859008235893,7
9.137015864898938,-1.674090944709266,-6.911736366158604,7
9.264440109442829,-1.4759316514933494,-6.775705962495814,7
8.451151421084708,-1.1652351079179148,-6.292273370393641,7
8.415894890258423,-1.174875914685873,-6.246040271441573,7
9.013490708470366,-0.5988926838734913,-4.121576730590601,7
8.580574695465305,-0.6967717028122141,-5.195253131652334,7
6.999917846984226,-0.97730198774315,-4.693018682800911,5
5.9778134151846904,-1.1083040137101603,-5.599483405442596,5
7.794016633039616,-1.4044209402787409,-6.53419775063767,7
8.14317023790486,-1.0907560405490966,-6.443322545341979,7
8.877282792137445,-1.665898195189338,-7.2900916872981805,7
9.1672184695036,-1.6505510721409904,-6.960956550871313,7
9.265386358412025,-1.4091303763442626,-6.60305933720082,7
8.096925166551452,-1.1585810180621705,-6.236056132438974,7
8.278531647720877,-1.1609077783287065,-6.193321176270436,7
8.999326116564154,-0.6228927148833467,-4.117000168788082,7
8.544139908128107,-0.6968886756772364,-5.1761696340180805,7
7.020965170682374,-0.991190958733813,-4.6699493635053155,5
6.465998502073977,-0.9680165201491906,-5.545374395597839,5
7.689285522408434,-1.4189729591411393,-6.488683333904647,7
8.379866201818647,-1.1235395214494677,-6.556375936190939,7
8.87784799083956,-1.705449019781773,-7.167506905559143,7
9.20072781982467,-1.628065689236674,-6.9441810898828225,7
9.202082071775871,-1.3989602437492692,-6.4218040769034594,7
8.017633575259548,-1.15351077073926,-6.203506303197587,7
8.278882897589645,-1.1781080233296484,-6.190623744278666,7
9.062623788945722,-0.6278384421236886,-4.097986766120386,7
8.462690064128207,-0.6989735470769977,-5.13401785859965,7
7.056132031725628,-0.9467727260025404,-4.619511554538551,5
6.546336716287406,-0.9121994440597224,-5.090328360857122,5
7.613477324580033,-1.437149917566743,-6.451056439000229,7
8.533499727416281,-1.145850034688292,-6.428975860217985,7
9.1094740830898,-1.6257932150751768,-7.130857844319795,7
9.290281603753078,-1.6489560467535238,-6.896769527676031,7
8.761834657759236,-1.316559284238343,-5.955989639552716,7
7.832230200772098,-1.1157986341903108,-6.1518983370018425,7
8.247655847221052,-1.166492731655468,-6.179921216667995,7
-2.1756547968180113,-5.831277872066095,0.3655495045148484,4
-2.7379979875195675,-5.517003549437797,-0.0534702224555224,4
-2.4469749806066927,-5.6142414785580375,-0.1868923171488111,4
-2.552877494446986,-5.36509883687155,-0.1819339109786504,4
-2.5679457539511565,-5.303679270632802,-0.3731025505975701,4
-2.7098849927699056,-5.68504987507709,-0.2237638710371026,4
-2.145282237699826,-5.469320758921355,-0.6273868980559242,4
-2.265492701689047,-5.5311415305766225,-0.5051144186265609,4
-2.782049936832215,-5.1372350225357195,-0.324749909277623,4
-2.785766522355257,-5.588817518612319,-0.1735540602971525,4
-2.622729129002363,-5.290129863558458,-0.1365755501644609,4
-2.1165350198558364,-5.907256108350491,0.219499320647744,4
-2.6899390009322275,-5.636909448286637,-0.3073147634338435,4
-2.552821242094395,-5.627119118168395,-0.2795609810468478,4
-2.470315563672028,-5.346555498282743,-0.1056205027635732,4
-2.5853895108816247,-5.182284762712545,-0.2662437913025071,4
-2.6393338802471176,-5.4640778479259495,-0.2227736990988627,4
-2.010302488931566,-5.5713685149390955,-0.5743893811369786,4
-2.245013844286091,-5.560788464076715,-0.657396621417944,4
-2.895606631367389,-5.148302165621458,-0.2371300725718569,4
-2.7646277316377814,-5.632265303030705,-0.2330344041861247,4
-2.7112621007853774,-5.211900492473119,-0.0641791018255352,4
-2.1343031662063585,-5.885118063881072,0.0304996305821021,4
-2.6101754975409626,-5.660924966060458,-0.327832229268606,4
-2.545118335955325,-5.665793218680029,-0.1882638980655205,4
-2.491507623504708,-5.439013452609113,-0.244541589075353,4
-2.660061157203762,-5.089311712783506,-0.2319614051894536,4
-2.7177074200690896,-5.299359585535832,-0.0583534002817405,4
-2.0191386170761385,-5.720199392480947,-0.6278681464610588,4
-2.2421132870200027,-5.5116387095924795,-0.6232811220740674,4
-2.7540219057677797,-5.1864167320901915,-0.3124838047345785,4
-2.87903961357929,-5.346979241726061,-0.2801798060305917,4
-2.809195348502191,-5.1605364236399405,-0.0893913134060927,4
-2.187020778731903,-5.84215783295421,-0.0292660108654722,4
-2.6186590409806354,-5.6069513215809925,-0.285603194716278,4
-2.421628966287692,-5.691558741709402,-0.2050378847273006,4
-2.552376207326287,-5.490637214088855,-0.2623196844405484,4
-2.5957742512703703,-5.1544010899105155,-0.0493177451144275,4
-2.865500004448811,-5.2293987041471315,0.0742400651639352,4
-2.337618206730264,-5.587238727645433,-0.5736173784559231,4
-2.217338631384716,-5.581975663182519,-0.6344516625492643,4
-2.768614760883905,-5.202414480602977,-0.4162828897335533,4
-2.861028591975936,-5.323706535359872,-0.3284485209702983,4
-2.8445755235192505,-5.2401055941431185,-0.061336966099188,4
-2.3415106990180297,-5.844416876096751,-0.1686546444826862,4
-2.8166100316919165,-5.566326217358142,-0.3693954782482335,4
-2.365019866066128,-5.756397560927293,-0.5304386451286486,4
-2.4959289005619203,-5.505916393861301,-0.1583003342157591,4
-2.6523581176821107,-5.282175835015369,-0.0560697911655214,4
-2.832014816378789,-5.2469290515512075,0.1694127703893956,4
-2.7852954358060615,-5.274991661967538,-0.4432238815784247,4
-2.2391559057253327,-5.506928502599604,-0.6626601384195199,4
-2.881072463318868,-5.140742241998365,-0.4967929446188688,4
-2.7488711945614295,-5.566070596735734,-0.415644313490398,4
-2.8286974841461237,-5.301522978258068,-0.0193727962567501,4
-2.386439597681874,-5.8498051059598755,-0.2257662380319842,4
-2.924786691587823,-5.638068714187589,-0.3494476682184583,4
-2.535021601192019,-5.637704206941051,-0.4075754174132525,4
-2.5432526342950585,-5.461545554570005,-0.1579370058589234,4
-2.658531997599756,-5.241731914013634,-0.1635579225749955,4
-2.7257194413326755,-5.326761734794823,0.1286387628471381,4
-2.7871369893330677,-5.118698101099346,-0.3573809812273367,4
-2.3139648252784144,-5.380735951417342,-0.6567606553432974,4
-2.898328804654801,-5.124958250980518,-0.2901384069499544,4
-2.542271959376846,-5.658471738714785,-0.6316161591566355,4
-2.792984972517917,-5.273694871294574,-0.0990778702044847,4
-2.939862597660171,-5.489476733020565,0.6298097481063502,4
-2.8249579707899333,-5.131663241454945,0.8607278909753953,4
-2.330742853094539,-5.1846662231783585,1.0500355672139856,4
-2.6553361817142203,-4.907628191788941,0.3761135330644694,4
-2.2390779976123345,-4.723699216732537,0.3612357673476016,4
-2.318423241476305,-4.7443966212695505,0.445095773911203,4
-2.4546654557988905,-4.817280467311341,0.230046501786012,4
-1.940973603464795,-5.545258629606979,0.002601886598157,4
-1.6975551083715774,-4.818384560701157,1.2353809519149024,4
-3.0455219610615303,-4.593439716188757,0.3897562153760052,4
-1.8186463557034465,-4.918007918341177,0.9729782177272284,4
-3.049598161165025,-5.376679753529683,0.6435564463303192,4
-2.6337748922095914,-5.296304341680433,1.1662425316236211,4
-2.3731837873189576,-5.298286286387686,1.1052904725702244,4
-2.630287160663516,-4.765496993327315,0.3880692413937685,4
-2.1880942931042338,-4.818647750691444,0.3248800566110447,4
-2.174216369149867,-4.793532726128888,0.3814791147788214,4
-2.5423805258093837,-4.810976289994815,0.3645194876303724,4
-1.80612736066838,-5.537090239670465,0.0475005629193449,4
-1.5653561544936645,-4.886367631360863,0.8703735318910317,4
-3.0319300134156593,-4.609777297218454,0.3350527551429716,4
-1.7412054822195024,-4.956180859772348,0.9996134873510888,4
-3.1404390425322353,-5.479208068873077,0.6268552181830728,4
-2.4492695139614336,-5.549498586767488,1.3809408273128598,4
-2.5109789455198124,-5.357256356840834,1.0607704456748428,4
-2.6956865889450534,-4.660283159786672,0.4045782746419396,4
-2.2988317149469033,-4.8168584790472275,0.31237266925809,4
-2.0811551519914415,-4.780753050085966,0.4098024873888216,4
-2.4640011322707873,-4.872483303018501,0.3314759476263599,4
-1.7411015190730987,-5.339179185279611,0.1313474052380707,4
-1.6007114009194865,-4.818144464280811,0.9789574937104172,4
-2.891241511832597,-4.511038472171836,0.164512210809035,4
-1.806085350442837,-4.8833098826119254,0.915754055658053,4
-3.2532040083819944,-5.499245113980791,0.5246629395244307,4
-2.3688059907793244,-5.528298680701134,1.455394236394864,4
-2.621145518779677,-5.379308092916423,0.9685520801080384,4
-2.82453179549463,-4.692826830196464,0.277271972897275,4
-2.392739711776698,-4.7402895362356,0.2701739840014004,4
-1.987111017365144,-4.754871812072751,0.5382232345058978,4
-2.3223031611116043,-4.986335189986637,0.3209325734467607,4
-1.668768770171439,-5.303288194504933,0.1740025863089567,4
-1.6118587362258108,-4.89831244788858,0.8168205072159839,4
-3.040995080573506,-4.688056673361907,-0.0352742494978102,4
-1.8201299125703465,-4.828568223205489,0.8493072580999066,4
-3.275723709711802,-5.398107731483953,0.4183655738744956,4
-2.3738173536877345,-5.464910081067968,1.484149769348844,4
-2.681081099915113,-5.395875309594026,0.9948514239685946,4
-2.786247687945673,-4.676596324733514,0.2865607431445141,4
-2.318270588964437,-4.689173994780953,0.2819274140251469,4
-1.972229581629925,-4.803015725528776,0.7332111729093185,4
-2.376566853736371,-5.016789139665447,0.3099838625945589,4
-1.5673960826505833,-5.461830004589671,0.0911763771791911,4
-1.5956427303158278,-5.040410756270991,0.8064152672715443,4
-3.117503710068452,-4.722062833319223,-0.0531179582525673,4
-1.7979606622156994,-4.8177468349085615,0.7938687069029772,4
-3.2770381579357877,-5.295116757044374,0.4112926822509415,4
-2.42426914769761,-5.300216882843332,1.4244478964823497,4
-2.6901485334792468,-5.341095051523531,1.1353181819340366,4
-2.787526951782161,-4.710914857546663,0.2832384692835669,4
-2.281266750946661,-4.638978233499316,0.3709865811760851,4
-1.9979898313056104,-4.887127902241089,0.799658911889633,4
-2.426063181732735,-4.955674331301344,0.1887998724699076,4
-1.531681102108156,-5.340365998620829,0.2417161852934161,4
-1.6007138584046463,-5.256308002128056,0.9909905143376162,4
-3.13999820257303,-4.514475528927681,0.0791287256327058,4
-1.823050145821771,-4.814850826162867,0.7648602124543218,4
-2.649834656119137,-5.462493182922243,0.2706822016862553,4
-2.4381847036728415,-5.52424929342785,0.7239943742646778,4
-2.399126934027958,-5.331622318745882,0.3621699721113243,4
-2.7731915915936094,-5.331563567858877,0.2265345167120712,4
-2.430627063538249,-4.937714669757297,0.2723850714708469,4
-2.657845733930736,-5.282523542340117,0.2169854517102989,4
-1.7726835489496402,-5.167277243017055,-0.104466456250043,4
-2.6695113694819095,-4.877842891694547,-0.5276926762259988,4
-2.9077437220648052,-5.569149605760989,-0.0288544921658779,4
-3.5290980626811423,-5.336680358056479,-0.3364070944494954,4
-2.823024011410628,-5.071526689951169,0.3226764797867761,4
-2.73085097953699,-5.61434311601947,0.2266889413761769,4
-2.4375933274422836,-5.5424745710879755,0.6875530446050431,4
-2.474670093643422,-5.341942427577242,0.4765504468525034,4
-2.7191313790673837,-5.260437389821949,0.145565294149267,4
-2.409418117377606,-4.8407470256526945,0.2395184495722301,4
-2.673414819445143,-5.418013618839608,0.3180494209153057,4
-1.734878659538136,-5.1584444951269,-0.1576449017723425,4
-2.914323835320766,-4.816551154790228,-0.2932410858534843,4
-2.8439273266540344,-5.5677806480272025,-0.1214589312135041,4
-3.5306838019159583,-5.368274221697197,-0.3152328917932905,4
-2.9989865152435105,-5.159711203094262,0.3793251281371945,4
-2.761430462499475,-5.724083000662408,0.2834558414571909,4
-2.537931199615214,-5.469257018867799,0.5391733014975217,4
-2.475948424423712,-5.351979449299297,0.3874104315338602,4
-2.6497851448368688,-5.257951739367957,0.1612339128736117,4
-2.4147063316522623,-4.817142298708032,0.2962532134768828,4
-2.620161344835144,-5.413430496826939,0.3418854269346924,4
-1.8901212107347036,-5.052613029537864,-0.0742264315534363,4
-3.121523479687399,-4.776751230863993,-0.1259176565301002,4
-3.0283533067145414,-5.494857957161452,-0.1252252182808425,4
-3.3771682422189184,-5.465531348357257,-0.3503311912527441,4
-3.1308933526765306,-5.300059510498709,0.3943518710548093,4
-2.7234819869366893,-5.970431823009113,0.2537219585681504,4
-2.6722294921689382,-5.5051631597181885,0.3948592992779394,4
-2.3850420107973056,-5.237247280856253,0.2935798770072255,4
-2.73153715117555,-5.221063926891842,0.1775567602926857,4
-2.39220963444675,-4.768134444945609,0.2967495874615904,4
-2.696700560904615,-5.377126327147724,0.3253659286452411,4
-2.2276406893136422,-4.937537975380752,0.1186350188347846,4
-3.240204140445212,-4.752778741897928,0.0061061710835383,4
-3.275725946755854,-5.37581148800934,0.0236252709778221,4
-3.38531510400887,-5.395887589128664,-0.4425612469460848,4
-3.126745462518678,-5.251142065826071,0.3804186035374259,4
-2.5943153097874094,-6.294108987096771,0.0154782019590173,4
-2.781101848074917,-5.584431867720516,0.3962498996780604,4
-2.35822560613234,-5.164533632760419,0.3432890961869358,4
-2.6750484391745744,-5.219884076235236,0.2854935992384675,4
-2.372004584061147,-4.730773798204196,0.2026055465225733,4
-2.8949191531598037,-5.245581067558404,0.2500660388322399,4
-2.5536723670626853,-4.8749075152813335,0.2581316614857993,4
-3.2904126630901507,-4.799094275141103,0.0439958852847784,4
-3.339428704874114,-5.240739243697763,0.048434440711815,4
-3.408605476171733,-5.332073920904485,-0.4756871327978936,4
-3.0848788725134564,-5.075115792122693,0.4191919642495,4
-2.628162607643487,-6.4112598696732865,-0.2611184302051519,4
-2.804729642764715,-5.61322117546478,0.4121128081790833,4
-2.553566726608859,-5.372146441293405,0.3532102892562932,4
-2.6401041307775595,-5.320605716350453,0.3064279223791089,4
-2.3622819895629643,-4.715544900444923,0.1457943058507109,4
-2.9951096756197986,-5.0978899836775335,0.1852410506927405,4
-2.686629786212136,-4.744612717092191,0.194963085922905,4
-3.117084621570381,-4.981989688390003,-0.2165256759850437,4
-3.259864033815376,-5.158717005327932,-0.1129783897132628,4
-3.4385949381749055,-5.340741543861101,-0.3767957426216372,4
-3.053467750936555,-5.084521891094403,0.4432563109098893,4
-2.5655654288520564,-6.318122717715569,-0.8784090189114363,4
-3.2881286083888654,-5.7975890494621405,-0.6201171236876705,4
-2.957359142965653,-5.611952511301933,-0.3319664465257919,4
-2.6236874657588305,-5.336385861731232,-0.0797834769551061,4
-2.907519576290114,-5.012816901119814,0.0291867887571614,4
-2.7180775662144265,-5.190351188469567,0.1850286564793684,4
-3.219515072809065,-5.1232354222064185,0.0851315271447375,4
-3.3161652151333803,-4.979973251463542,-0.2745920415870883,4
-3.6630876930190417,-4.977671153792948,-0.4369203187937859,4
-3.734159660172203,-5.4172179302729795,-0.6319157592334605,4
-3.17097559208825,-5.274869121602742,-0.6062060466942989,4
-2.482771045293083,-6.154034436058052,-0.8912664107283031,4
-3.159793408781383,-5.885616034875416,-0.7454618434987512,4
-2.988806068051547,-5.666017151391194,-0.5153195002774918,4
-2.6762182123606317,-5.306172921635059,-0.1089638662363812,4
-2.8447115293202163,-4.94714992540103,0.0073698098255339,4
-2.735815056329985,-5.240237796601892,0.1238587440354487,4
-3.2599944298713166,-5.1605034653257205,0.0167200851599829,4
-3.4857335559437104,-4.897075164254167,-0.1278373910207103,4
-3.8505689700534886,-4.959755420491247,-0.2134039091344749,4
-3.6415770034786776,-5.357458368848901,-0.7488234225226834,4
-3.2080054966863334,-5.345980023726192,-0.539140051804088,4
-2.3999051829438045,-5.999723920509962,-0.8494719439497287,4
-3.217153777548783,-6.081966167157889,-0.6325044663593834,4
-3.010558729237202,-5.765312337481982,-0.5627984774677081,4
-2.6877848025927578,-5.33255239868648,-0.069296642554692,4
-2.8956360617228336,-5.099545519762707,-0.192558573082011,4
-2.722635847063126,-5.262568324623684,-0.0113473288757478,4
-3.168760368813188,-5.119411429407094,-0.1621673368852673,4
-3.463817693026722,-4.970863665168326,-0.0906620614169221,4
-3.751420469945973,-4.961736084794739,-0.2038772663734947,4
-3.7717595707157505,-5.509127769996694,-0.7202641515795926,4
-3.237593457348793,-5.240006023285172,-0.3595451484704915,4
-2.4096449649346883,-5.8585355480161265,-0.8466448078499677,4
-3.252656330184898,-5.999320838766491,-0.4473677288621908,4
-3.0629550427183614,-5.6027883482769045,-0.4422543649002249,4
-2.7123938425356378,-5.347155565171417,0.0548876845229288,4
-2.9722072126680423,-5.21700804952047,-0.428102762999851,4
-2.7633779744727787,-5.2622570832583095,0.0526001125188633,4
-3.288248745834613,-5.021344421395397,-0.0727696412414497,4
-3.5135662585761835,-4.973252355800177,0.0550628500509887,4
-3.72212164029324,-4.9829003865132515,-0.3087826839998197,4
-3.486605488373519,-5.139496033936055,-0.8140754385528537,4
-3.196928864019135,-5.154186654829192,-0.2624452678600876,4
-2.437289266546124,-5.6872791637465765,-0.8900305101699428,4
-3.2955641582552175,-5.932077946387928,-0.5423625954306839,4
-2.9959678131960072,-5.462424471402201,-0.3581121164154077,4
-2.640068224196474,-5.372848168058741,0.1467216052879301,4
-3.0703252777440277,-5.146945057972794,-0.3268709082613597,4
-2.901115989958386,-5.4405945483294245,0.0865511892821195,4
-3.326031405749449,-5.053903796692501,0.0552787602167753,4
-3.355857786400942,-5.0192643287498075,-0.0112047403619751,4
-3.737864468383919,-5.021283982274725,-0.3928075002767101,4
-3.624770195783092,-5.005669524098873,-0.413825094396672,4
-3.129014998304518,-5.046761140538444,-0.3535032505202162,4
-2.5457464678794492,-5.513445804741606,-0.937406106854982,4
-3.265904324778993,-5.890038350560318,-0.6947596552521844,4
-3.023648844549604,-5.578454466182773,-0.364797864961138,4
-2.4287649340014545,-5.269596418480719,0.246938374398756,4
-2.960059078595718,-5.076875041586542,0.0018820013506185,4
-2.959655221320371,-5.428630393561369,0.052916322837626,4
-3.2607268643407497,-5.2188030571623685,0.044884436783304,4
-3.197298791789564,-5.045989567550487,-0.220975296765834,4
-3.825523963447002,-4.961454940197395,-0.2829539050608701,4
-3.667948593139494,-4.890938567957697,-0.3866227647289682,4
-3.0508691190858492,-5.105970044744122,-0.530526403239857,4
0.3979303919126381,6.9833288679071535,0.8442372738422147,10
-0.511380340104522,6.422010503207752,-0.0733310609043718,10
-1.1026661124371684,5.7684275289499745,-0.3173743510396553,3
-1.2234556168975066,5.530371923802295,-0.6311220064514205,3
-0.2172644787741952,6.47989885812329,-0.6803392882869491,10
0.1781544752282531,6.67301137255266,-0.9970793186103688,10
0.1850802143946568,6.51505869588614,-1.0453635986561554,10
0.0316756638518976,6.609545919950532,-1.4757366885094765,10
-0.3076950888082715,6.189549365348246,-1.2912465821533885,10
-1.0931586303436942,5.674556911817757,-1.257546856171439,10
0.4463045203152658,6.987000921879885,-0.9140351148891768,10
0.8470637423032071,7.395244463870889,0.9431933417357772,10
-0.1156076247319323,6.784826651838009,-0.0515184274698063,10
-1.199532557701822,5.654123965165314,-0.3708139102646235,3
-0.8913110817355396,5.80687109327785,-0.5960816758008245,3
-0.2150126042928896,6.438672881697277,-0.7340575924397514,10
0.0642007300671486,6.65429116428664,-1.0167961559439946,10
0.3093093832546513,6.633348881146891,-0.9878900077144196,10
0.0242297184208006,6.556467706820786,-1.4629252678836462,10
-0.3446899948200858,6.268038855118312,-1.3811413082388395,10
-1.0757439377966054,5.670795341420079,-1.0690731254291106,3
0.3269644005685918,6.865010729611908,-0.8499490811029415,10
0.5742717375973766,7.252893133574698,0.906926361522455,10
0.5968908346894288,7.315159316044891,-0.0739349725881784,10
-1.022890125423064,5.80441627343702,-0.4380738344265233,3
-0.6973152640961903,5.914229073278406,-0.6332634736996464,10
-0.0441003762629847,6.568141797950084,-0.948256660312339,10
-0.0329204120388433,6.592182240829895,-0.8975621203650628,10
0.3269899086008708,6.64041512587272,-0.9244890852986156,10
-0.1393073841212175,6.357722985781691,-1.5166802753522377,10
-0.071241095802718,6.5291803439138345,-1.359082957322011,10
-1.061687716932126,5.69861103001533,-1.0157522316011287,3
0.0999544187939422,6.634391331838625,-0.8370868520763599,10
-0.1852506116616316,6.654101764468199,0.6945320132695235,10
0.8661443319968255,7.373371139397802,-0.1526647627810949,10
-0.7381997268092719,6.105649959809,-0.2982981372307408,3
-0.6985083325392273,5.922668008357253,-0.640701207619465,10
-0.1914235948796491,6.408257291065203,-1.0079992875841348,10
0.006505351375692,6.581739211891837,-0.7749177988799439,10
0.3068633047989998,6.623823991463617,-0.7955413454409647,10
-0.3911087466079079,6.1250278382507535,-1.5264464809995393,10
0.3160755293814851,6.927539317764037,-1.3783761444528986,10
-1.0647978675560257,5.678001096507945,-0.8230757142786714,3
-0.1578872822883607,6.481666647249483,-0.7636130531164156,10
-0.83590502524066,6.089000452755925,0.1974533579804474,3
0.8143572763084811,7.34807544349978,-0.0715581072861157,10
-0.0068898597418183,6.710058929335056,-0.1367863777902014,10
-0.8343562695271745,5.8422309299329935,-0.5924580584272454,3
-0.3273380556851522,6.277945384257639,-1.087998301620516,10
-0.1909611697071224,6.476040818335901,-0.6977250752904539,10
0.4103191399694469,6.708190679019198,-0.9404204832454304,10
-0.5657278283182597,5.987617734654673,-1.4684110411452138,10
0.2280635278948249,6.878856449085828,-1.3027857189664167,10
-1.1241757423647334,5.574253178054689,-0.6878792822712688,3
-0.449068946580258,6.444473238827636,-0.5224408416173236,10
-0.9252859297493284,6.007737476548859,0.1185237509886654,3
0.7208356545592629,7.382205988126337,-0.1020102027884643,10
0.4653818120064797,7.0411191000383795,-0.3539849428581159,10
-1.1395011659802985,5.560983982756891,-0.5365461379179765,3
-0.1530052304865275,6.394731047045826,-1.0069793326389649,10
-0.1185871922473543,6.6089476963570135,-0.5943249813175521,10
0.5160634179562459,6.823573766898538,-1.2621639847220891,10
-0.5417330335915705,6.132054737957766,-1.3500892967489544,10
-0.2309464059684057,6.477894869699428,-1.0387931549582692,10
-1.1757246552685334,5.564671727172165,-0.7165132117553887,3
-0.3799111545641196,6.622422345954532,-0.6520413161123422,10
-0.7626474036095277,5.933631774824044,1.3852001828537317,3
-1.2544353910900023,5.354703480410144,0.8764435028487693,3
-0.992561129910862,5.2866483709669625,0.7608284486915896,3
-1.1720707560867492,5.22285623174978,0.4557720203715821,3
-1.4094679804448924,5.284431538173751,0.4871850433527523,3
-1.2978718329687455,5.178918391787947,0.3407842444307309,3
-1.3513743777006737,5.333272102832871,0.1835419090844307,3
-0.8063625662819919,5.760385660242599,-0.5356239022029429,3
-1.2454218034982898,5.471347391413743,0.0301450532218553,3
-0.9049921818485452,5.762821543460446,-0.4884247075609874,3
-1.414936185471371,5.25821787009728,0.384267092546977,3
-0.687951342458778,6.0033608436344625,1.5230845047156891,3
-1.2483005182769258,5.381108499573949,0.7738466579918308,3
-0.948662973811338,5.316225809327959,0.7650346012815,3
-1.141322808432054,5.256048383658755,0.3703964354254704,3
-1.3434263120999663,5.301158326396784,0.5593098903404424,3
-1.2836980550310275,5.170532326289709,0.3836143088504474,3
-1.472145619814054,5.291109578842585,0.271812561495087,3
-0.7328109885689763,5.869784052759103,-0.3056005625381575,3
-1.4641488488983778,5.310675533536667,0.322610522492931,3
-0.8817005250196207,5.7347258134027035,-0.1134758463561047,3
-1.3802317981793415,5.3074742748831385,0.3076083940454633,3
-0.6926367775846488,5.988188958541562,1.531046626938481,3
-1.3093015222077784,5.346899428303068,0.694340547436783,3
-0.9599308148119112,5.316625582612275,0.6329615892696133,3
-1.0436561402981697,5.294747856362677,0.4153961193102135,3
-1.332217639015805,5.322471261325539,0.5349142327412487,3
-1.2226272195369696,5.218709003729273,0.4022256942021259,3
-1.6647551021729348,5.1964844772668055,0.4140642800694499,3
-0.8404546766349301,5.781763441706756,0.0105907554716901,3
-1.6093247208875894,5.229206029303008,0.4891051894463178,3
-0.9660511735786576,5.66852088613673,-0.0783610937542397,3
-1.435405548550544,5.282227921232506,0.3276679271480078,3
-0.7609062834804383,5.933051522468747,1.5165965717819896,3
-1.3432466703765449,5.337430306083271,0.6757120087111909,3
-0.922700005667336,5.3501750609484935,0.6299948838805869,3
-1.076210186729036,5.259969748028935,0.353596544481826,3
-1.278582622790569,5.3562997727493675,0.5723362585102053,3
-1.2125871257320004,5.255750947037281,0.3813535691626941,3
-1.688328121283706,5.152197146491808,0.470705041793536,3
-0.8684101843167606,5.759854701049473,-0.100419535125793,3
-1.6179999650969903,5.282990612092317,0.2843518264860439,3
-1.0292179842180658,5.6484983073279045,-0.4566088782972649,3
-1.4057474925643303,5.312554207662557,0.311746989950621,3
-0.8309060535785172,5.874068430094364,1.4675824907822077,3
-1.475772599775278,5.2275738176432585,0.714092523034023,3
-0.8654532170239604,5.395252257843724,0.6674455396848215,3
-1.1197202774770874,5.243133063621939,0.3233014512115366,3
-1.2767388924172414,5.368310816847,0.4258801219235088,3
-1.2651113309917976,5.256958151758539,0.3433944014234034,3
-1.7303876635236957,5.120331653992778,0.4892100436680987,3
-0.7853930558430939,5.7803883664175695,-0.1915294650597594,3
-1.8477494824444145,5.143014063268134,0.150135183539563,3
-1.1428810959604745,5.5676101429557,-0.5795627712831033,3
-1.5384925496135755,5.239702525979466,0.3587917200181224,3
-0.9055028234378418,5.816802993237637,1.4623601329090634,3
-1.7378024835109775,5.034165774134992,0.6305671189234873,3
-0.7972292137718414,5.471464392165134,0.7674281660937247,3
-1.091709202394359,5.262668241001882,0.4266238283426545,3
-1.2644123342777995,5.347780438592117,0.509866176803368,3
-1.469320056119201,5.176246571056042,0.4801413605048513,3
-1.6835829731640444,5.163262141526834,0.3742809019360982,3
-0.9286348618507873,5.726233364597294,-0.3898274458385518,3
-1.998095079361723,4.931406817544435,0.3451690610614009,3
-1.2138459262740806,5.537159166106461,-0.5290269885776496,3
-1.5921265185786886,5.190925955165037,0.3379411565023864,3
-0.948187711496416,6.035127294544945,0.0668162565640194,3
-0.3120167242379043,6.521774686892928,0.6122053985919674,10
-1.3465842160636774,5.528044866432935,-0.0568238315347436,3
-1.2461494707961784,5.619139608384868,-0.0858186416071345,3
-0.7498588795090149,6.179106878013368,-0.6655471594840406,10
-1.017008312166216,6.086288632114118,-0.3311467070703018,3
-0.7022102029793285,6.380993835790497,-0.6874424337171219,10
-0.5625212153441057,6.187489453745757,-0.8804570189625102,10
-0.5169336786259571,6.460533546490345,-0.4082643613869575,10
-0.9565328270764636,5.917870390948055,-0.3201569982449814,3
-1.5889325094204618,5.379522715919448,-0.003249053825131,3
-0.9981710878503428,5.996931603832586,0.1086989119094516,3
-0.2579122574468613,6.579540414957365,0.6762084974678932,10
-1.3472635413220726,5.547207655981585,-0.0420845251077137,3
-1.2491184452781952,5.568666359250575,0.1009823114945838,3
-0.7967781356506205,6.164231038733423,-0.6128918195000662,10
-0.9949730545306528,6.057057499149458,-0.5298599433797029,3
-0.3834200882113069,6.574243213001862,-0.983574533931274,10
-0.5170471170618101,6.204093865035706,-1.038164437343385,10
-0.8970094464825603,6.257787816764577,-0.413917790004615,10
-1.0471120810917625,5.944006591917077,-0.50202887891773,3
-1.4553553405342143,5.443391256884604,-0.2084727310646741,3
-0.7592950432836283,6.183030308787434,0.3960485053142233,3
-0.2436795052433706,6.625850777395686,0.6268038527994964,10
-1.2685237868453867,5.629754081068173,0.0115068324482639,3
-1.2222095458246844,5.573190065401146,0.1303527134029807,3
-0.6928653026492285,6.216159501503795,-0.768116697946363,10
-1.0074759540638538,6.050381716805781,-0.6330083834347576,3
-0.2693578407103459,6.663200263666632,-1.117900470674489,10
-0.5351578089554525,6.245012057962366,-1.036101279740362,10
-1.0067211782548295,6.195385693591823,-0.3225984404961795,3
-0.9755224867377524,6.025972566074883,-0.5636148502326532,3
-1.375193652461968,5.464831555960599,-0.2472975644592759,3
-0.4019866418272625,6.448787946387566,0.6893035791981635,3
-0.2924122628992207,6.5953367701141214,0.5424314525790263,10
-1.1971353031380865,5.6923451327068,0.0952422304421616,3
-1.1827314064336265,5.666461577584161,-0.0276322605810554,3
-0.7145832829254709,6.224318121678667,-0.7302652277914465,10
-0.8765451405126254,6.167224204668791,-0.7534495701126414,10
-0.1798881163837888,6.665805108554251,-1.2285991082706973,10
-0.5421975659573256,6.31091190968273,-0.8018279115673244,10
-0.7790548801837529,6.159377812667661,-0.6868576431959922,10
-0.8716546227503598,6.085459849994848,-0.716826672608721,10
-1.3046574389274312,5.572531813926568,-0.2820453802730948,3
-0.5351349293000257,6.32361960254959,0.7522558299408201,3
-0.3663889352974283,6.462163061195406,0.3258397006846018,10
-1.329633689115473,5.578651325666384,0.0919996571328991,3
-1.2075579403200538,5.683706462150478,-0.2453966686034383,3
-0.7826601133379534,6.238886450217958,-0.6856750671616871,10
-0.8069283102632857,6.244337710702174,-0.8334987558389393,10
-0.1950490865514524,6.494743808210832,-1.474025473180521,10
-0.3618682647126344,6.405122546031339,-0.9665342343343294,10
-0.7734636465678992,5.946748645204224,-0.8430560774823381,10
-0.7641110455055138,6.17791333610195,-0.8298111797738358,10
-1.2103749437241722,5.658900634172862,-0.3543693863522392,3
-0.6028100332484922,6.231583061827045,0.8926418729513564,3
-0.23958611419964,6.530410074479712,0.3582855580225259,10
-1.479596830170498,5.448201467079737,-0.0696643692182754,3
-1.2630891552978665,5.643140739253298,-0.2176936398177008,3
-0.6664646518045065,6.289955451897519,-0.9040243921200998,10
-0.7267840653249569,6.291435428502205,-0.9741021435244678,10
-0.3099885671385848,6.321976552301499,-1.615050004833074,10
-0.5110094628733638,6.075181510325845,-1.2553147785106498,10
-0.7262457125340966,6.060696747183175,-0.5900900131601796,10
-0.7564014560503987,6.246801102284471,-0.9850111542499989,10
-1.146768957806379,5.649594941338559,-0.397564698398115,3
-0.9100490551106822,5.85359125215352,1.2715701935783952,3
-1.1616224154071408,5.702964428658731,0.6609295591280884,3
-1.4052041071562904,5.52899561623779,0.2899909438925514,3
-1.3310667717865428,5.399834017459195,-0.5042969653105643,3
-0.9778176455549382,5.511898819015834,-0.4480909327242719,3
-0.8169275437387585,5.646176413606638,-0.3016514182941796,3
-0.9924130054060856,5.70400810627428,-0.467586530552967,3
-1.1138674219103508,5.970371208925181,0.2891131109203483,3
-1.454564521047382,5.616974015709452,0.1601367014653739,3
-0.7070205669512263,6.121675899500141,0.5792339723205837,3
-1.430579974895098,5.460964226706591,-0.243366579946048,3
-0.8894869890808276,5.871812094341424,1.2570640275116798,3
-1.1439243671125887,5.815677363327373,0.2731521682533031,3
-1.3306062704337704,5.671629727856503,0.0753414594295396,3
-1.2752201857547494,5.432605081298638,-0.4828990498976303,3
-0.995294267173592,5.5208660866900745,-0.5241694600455721,3
-0.7556370036344735,5.721559794410036,-0.3853304209920526,3
-1.0018445922685009,5.763248798430492,-0.6228165956739924,3
-1.2761043215516616,5.890139523835716,0.1710192814192674,3
-1.4272827157889627,5.604761336771074,0.0343159031416106,3
-0.7034764600835125,6.132651215356375,0.6882096801273233,3
-1.3865113496945536,5.5170111842475125,-0.2506086172696167,3
-0.9185966086690946,5.853014784233246,1.2657618578244771,3
-1.0700239220233712,5.875409425057692,0.2219401869601941,3
-1.334982070104615,5.6788978477407985,0.0748360681900462,3
-1.345433856817648,5.380162692789464,-0.4528060707248742,3
-0.996323423899909,5.506341802158284,-0.4599563071796031,3
-0.8358409311843494,5.712558280385013,-0.4072872668822982,3
-1.057836463671582,5.790836378783179,-0.7490098451179035,3
-1.2079456324412277,5.8980002794976825,-0.3876828429563496,3
-1.2583762484180687,5.8202779445693915,-0.1382262051320097,3
-0.8346785056792988,6.0281651582802365,0.5873205330116648,3
-1.3526117999841067,5.541346669655396,-0.1216080319527072,3
-0.957083429091989,5.822943197549296,1.2589173308595811,3
-0.9973092801140556,5.916826592781704,0.1304744936725957,3
-1.411708466747713,5.59600632783133,0.212957918767813,3
-1.3633639016182086,5.366082332428791,-0.3578891058132454,3
-1.0067008053744555,5.467229348193982,-0.2700866619884021,3
-0.95260250915116,5.681380168719461,-0.4341124201994409,3
-1.1629634716583257,5.7026629165641705,-0.6144322077071455,3
-1.223086014794305,5.840475636287865,-0.1835928296551407,3
-1.0685601636787831,6.009989833975157,-0.1491276502260256,3
-0.921273407784156,5.95928880821592,0.5034449615943567,3
-1.445004779798478,5.46131436892878,-0.2009175260127487,3
-0.9077344333420608,5.889759978786178,1.1788670972580797,3
-0.9226570563689874,5.976700897749519,0.0396648731973124,3
-1.3853279064732018,5.616399079755117,0.2234684851721717,3
-1.2871230196248693,5.429742913011124,-0.3076866062329763,3
-0.9974098086615882,5.452063160852645,-0.1096567862173763,3
-1.1242106480523577,5.623050114528631,-0.4985144222576163,3
-1.3271003442883411,5.611218823864943,-0.3623491549680636,3
-1.081470660108173,5.9172675298493145,-0.238382656159449,3
-1.0679821202797035,5.906270254278381,-0.2759842199622041,3
-0.9853157495768096,5.899658247454657,0.4971137026903592,3
-1.4947172945360645,5.343602279050623,0.0431957437348076,3
-0.8228958853663824,5.981665752820283,1.0989294648503316,3
-0.9174991089291882,5.977292116800463,0.1169455842014959,3
-1.35345475939376,5.6116134733682,0.1752089336962279,3
-1.2695894825546503,5.446614979995385,-0.324144249627166,3
-0.9347147118984992,5.526068330961394,-0.2091596632348575,3
-1.1982461556340236,5.635980425409499,-0.4834752906249817,3
-1.4460685879439723,5.568326397478045,-0.3563961430093008,3
-1.03345114596197,5.918215039402643,-0.48306535679166,3
-1.0360365141512449,5.906475876412659,-0.1010900098238947,3
-0.9154776840402068,5.955998326689336,0.5233677609414571,3
-1.4189848237296927,5.347188643273467,0.2356511653492928,3
-5.365374057444019,0.3990606064962816,0.6364561500757037,0
-5.5550254446568115,0.3014678022101975,0.5216042305319005,6
-5.28064480116654,0.4183673138970087,0.2762171581192545,0
-5.287173671840322,0.5215010736138196,0.2918918085820043,0
-5.489568669675643,0.5794427058839599,0.5562652627858092,0
-5.392907344600772,0.525281660132761,0.3649601432879709,0
-5.413366933706366,0.6059171449544211,0.4531134145124239,0
-5.188255873966209,0.8493059713672197,0.3737216993168716,0
-5.3793842248716235,0.6382425527661454,0.4300085003406292,0
-5.325132346252922,0.5513922917034473,0.3425734726189796,0
-5.274684936946223,0.5800566970069431,0.6044476722957322,0
-5.3647873721850425,0.468956571452136,0.4901891646409929,0
-5.518306729011074,0.3271629936646343,0.6354388197527258,6
-5.2935415202703835,0.3895744778816292,0.3589427030588039,0
-5.2805932147047105,0.5383757303816876,0.2882252241046599,0
-5.466143072410906,0.5751337073737899,0.4506721583207853,0
-5.334160434975159,0.5765271466244265,0.4059256307727227,0
-5.423329647075138,0.6249065251859547,0.4423264330264152,0
-5.1904366892069795,0.8300075654524155,0.3368031984346217,0
-5.339677080500863,0.5946254249488037,0.2641401340444156,0
-5.259277212730725,0.5912771153048677,0.2881935524440477,0
-5.354499365006005,0.5489895539104737,0.6052423148751637,0
-5.363478951433662,0.4715378001046736,0.503729964375985,0
-5.47957790562689,0.3471411475118443,0.6282586402068164,6
-5.259352125299041,0.4259341572934257,0.4068977765417549,0
-5.281988287783712,0.5327650071449479,0.2825068548334625,0
-5.49843034291079,0.5671336199164678,0.5384977420703971,0
-5.319138801302384,0.5753711325446744,0.434590558008054,0
-5.436729515317691,0.6082804631810105,0.4512865954559608,0
-5.276338361095835,0.744110637128928,0.3505429053705797,0
-5.320331594634065,0.5625152547767124,0.0959064467586304,0
-5.160257940019819,0.6273731036787975,0.2377495184847175,0
-5.373533659949705,0.528617805344736,0.551988445100134,0
-5.314373719012562,0.4855611940202854,0.5641290344092513,0
-5.431412775697451,0.3795552770833761,0.5935589961812251,6
-5.2626411605535255,0.4297954266046644,0.4125260864851622,0
-5.287095030599032,0.5392123419264121,0.2442226909350295,0
-5.58436471582501,0.5308852513810647,0.7085866321810572,6
-5.268588097280168,0.5784217127981124,0.4547876319845376,0
-5.539118206410376,0.5526295324084602,0.5476060456620695,0
-5.259834405149439,0.6973715732225545,0.3761238531792802,0
-5.236637140325196,0.6350772249131521,0.0396450877513351,0
-5.132196799950181,0.6257796333037504,0.2256105143885248,0
-5.324834978159725,0.5479378554906691,0.5070601970622698,0
-5.25437746625755,0.5435155441302887,0.7224674001956851,0
-5.440580410676759,0.327721664810851,0.4720676439549747,6
-5.3144563465875105,0.3959978672655276,0.4032116089716198,0
-5.281685012396115,0.5521988409940032,0.2929435174786126,0
-5.624172184988007,0.5095771049737626,0.7659243060382162,6
-5.328369042847801,0.5401533366945651,0.4667525190304724,0
-5.604946979867307,0.5460125793260437,0.6061142319875826,6
-5.267885182618907,0.6955616150077307,0.3753372116861712,0
-5.185631574722825,0.7490448051564554,0.4602157277758565,0
-5.208770003333773,0.5967495964614364,0.2843571461263316,0
-5.28665074721644,0.5567458780338864,0.5070362373400042,0
-5.226783785022568,0.5275632637491983,0.8025866075854194,0
-5.491568193606015,0.2846777137620663,0.3811348191178056,6
-5.408364529576205,0.3505782129558871,0.4413135964771858,0
-5.338033666896167,0.5083740032024452,0.3674393469705301,0
-5.565149397456067,0.5349647483301171,0.7398279755597327,6
-5.443383247172571,0.460917008210822,0.4285110661546971,0
-5.620696157936032,0.5491451100232116,0.6017961946042273,6
-5.451043451465038,0.6403969759036877,0.4412513207397224,0
-5.296289989521114,0.7158096298639367,0.6384314762670776,0
-5.251127608756314,0.5984251917378349,0.2813636075504347,0
-5.258139144594506,0.568475193757493,0.433571708114822,0
-5.671841944533013,0.1046197796268005,0.075850564581381,6
-5.743748067072536,0.1793191098120457,0.2375041579905665,6
-5.388089827477391,0.3283726948704892,0.4119887380134703,0
-5.214898990642659,0.5359503367640182,0.5804500247756171,0
-5.284855536525408,0.6351449415998581,0.7701395091019706,0
-5.578306083576759,0.3927418298457062,0.6906596237884732,6
-5.526280215953267,0.570336022885668,1.0300880965139751,6
-5.64881474343871,0.5227084033718227,0.6024332174932827,6
-5.568404640405452,0.3840755901755781,0.5227395248219666,6
-5.740563012333999,0.2394053824554111,0.5098816548159778,6
-5.782006162718423,0.2419130953485224,0.4679690875586045,6
-5.607440952162016,0.1216906365374805,0.095855139303912,6
-5.702684239396538,0.2363495989219328,0.2674568720322242,6
-5.319489125334944,0.3840387941687236,0.494080203293355,0
-5.197344129260448,0.539362246503773,0.5963819463786096,0
-5.256861651972145,0.660316677251556,0.7496234741806838,0
-5.564783576766571,0.3987509919388027,0.6749028648312732,6
-5.5453478710591355,0.5663139227263752,0.9766251000808228,6
-5.566021226743955,0.5572831989276105,0.506367966758792,6
-5.541103706858309,0.3903965490342287,0.4308497145467899,6
-5.73524732692222,0.25667798346286,0.5865292192915437,6
-5.778284915231942,0.2456832878405131,0.4765907388969116,6
-5.606022737422668,0.1349370845933754,0.0096961113753989,6
-5.781620255503121,0.1873957443585919,0.2550692022094082,6
-5.411583248533085,0.3519781774159515,0.4967747859043934,6
-5.177901110524067,0.5183220910064521,0.5979489916026733,0
-5.319476425355609,0.6220467184453509,0.796773602444241,0
-5.560350684413361,0.4039607002075926,0.6455557144697448,6
-5.585859410228756,0.5361202453068726,0.8827071982287701,6
-5.454411547798193,0.6097580680091439,0.5140932365601015,0
-5.579809683471485,0.3750720133357677,0.4358853960162629,6
-5.7535384335994655,0.2683345235977775,0.6650850859880999,6
-5.783079708407957,0.2379969393099312,0.5118243202999154,6
-5.60497655076715,0.1679649638508942,0.0214593961138018,6
-5.826728347249352,0.150729145469991,0.2232483286212633,6
-5.394991585660037,0.3511279737979742,0.5239611707776148,0
-5.154364582239766,0.5295426279297831,0.5924426993156844,0
-5.354620822717732,0.6063431549022802,0.7957700505435984,0
-5.522800430942354,0.4258549148101603,0.6066130779243684,6
-5.598023239167469,0.5149427536456036,0.7918480937392489,6
-5.458149369133081,0.5904318205201595,0.6225277314095026,0
-5.641112879457687,0.3611688957241676,0.5265385032313916,6
-5.753717910903868,0.2791145125530691,0.6791105592448592,6
-5.732862458353066,0.2571293208214805,0.463057338460341,6
-5.551947882155182,0.1936364171531057,0.062304377838753,6
-5.856224308771599,0.1282958181623437,0.2723351728074767,6
-5.208001635313402,0.4561223045432091,0.5710702791415754,0
-5.1799517631118706,0.5517319300148227,0.5200351587499183,0
-5.380783477014503,0.5877184939251058,0.8868983729892387,0
-5.585249560118985,0.3807764019032193,0.5953985793905139,6
-5.681324672658288,0.4601867491742259,0.819828281138619,6
-5.507102530642515,0.5558684209837355,0.6113877738200241,0
-5.739287674942487,0.3216022303868985,0.6164673736219972,6
-5.7832819333742,0.2671910360060358,0.609815161587158,6
-5.7543051751052525,0.2365314499988438,0.4138851174104562,6
-5.576637691878925,0.1607972744838491,0.1255575045021686,6
-5.836040614120917,0.1368835348641077,0.3210984741664667,6
-5.28431056461378,0.425918965206721,0.5715331418773334,0
-5.240703599032593,0.5234156303875711,0.508337547403112,0
-5.39514542401774,0.559567602863147,0.8482718441823267,0
-5.7051770763459855,0.2902260645872802,0.5499315263378641,6
-5.7870815453696265,0.3701464867549471,0.8189772923978639,6
-5.574609597326742,0.5021454751632783,0.5779886179785387,6
-5.802260358457881,0.297513010543029,0.6326841867574649,6
-5.8072564410733065,0.2530560668273428,0.5079031812355194,6
-5.800694316280704,0.1947656521011225,0.4112231351422925,6
-5.538693192891328,0.2458429862717022,0.2715848240243024,6
-5.8024869016813945,0.2514990215167653,0.5904350430479133,6
-5.5195964204957555,0.3066312325097985,0.5434520137312341,6
-5.293144961132114,0.5109157182972168,0.7509625389375452,0
-5.5302314188300095,0.5377353790649289,0.5405089086771856,0
-5.563772160769456,0.4671373007734138,0.6056392453608785,6
-5.3374022658147755,0.638180866853595,0.62822102415633,0
-5.386154364736942,0.7523812920428491,0.4587605307457716,0
-5.419029845714294,0.5423273137229688,0.2846031896650042,0
-5.566745572511087,0.4272987113751094,0.5803537476970603,6
-5.696548340374916,0.3303036136410326,0.6200765458576506,6
-5.599419369541357,0.21597070077409,0.4171335134732498,6
-5.804854787149516,0.2988600095319411,0.7763806307046928,6
-5.49630447472512,0.3334875184506586,0.6342334662103789,6
-5.171505279561413,0.5867001594664251,0.7434913095848065,0
-5.516225956392218,0.5539469416270109,0.5532996618175203,0
-5.540019028848299,0.4744038111044266,0.6207624689724126,6
-5.346454949492377,0.6437013630620483,0.6123974250311587,0
-5.346848994956934,0.7603605793678243,0.4292183559828113,0
-5.349949652545898,0.5826510558838677,0.2752092139130565,0
-5.569710848781866,0.4259904847478634,0.549948373072086,6
-5.705557775504807,0.3339867490164384,0.6340640917521454,6
-5.62950120367785,0.2174423402143089,0.5183649204305968,6
-5.761003809488373,0.3444748517073085,0.8304645792932731,6
-5.473709008608945,0.3608293353249053,0.7311945174419365,6
-5.206145338701703,0.5636383450524323,0.6797017782574016,0
-5.503376282105747,0.5707259249081815,0.5918618935080091,0
-5.593477419314298,0.4416934871984128,0.5823010864268693,6
-5.254449528265576,0.668302797501969,0.5773888846134373,0
-5.331208847259673,0.7752687815403458,0.3793487818798046,0
-5.333795195509571,0.5810035906920406,0.2854873584806923,0
-5.613991690873578,0.3868743376400698,0.5544022760729236,6
-5.737047336869691,0.2972704873037841,0.6553963571713073,6
-5.643630987721641,0.2203060049918336,0.5638449784360271,6
-5.694795623991727,0.3904222137516315,0.8971066316587525,6
-5.435253385536479,0.3984221362200822,0.7447339805036796,6
-5.278295962991888,0.5158920652663235,0.670601093583387,0
-5.5308073627423395,0.5496159209161968,0.6025097075276046,0
-5.641708918940145,0.4269705592399524,0.5839146039080703,6
-5.260361091266056,0.6820542592473094,0.6437853160092303,0
-5.29160392689756,0.8010652854275425,0.3538706444197008,0
-5.371034148602948,0.5521828242047364,0.3186482409822625,0
-5.602163552788835,0.3919440288342148,0.4659713868466008,6
-5.696662357215351,0.308798295600925,0.6676996798888275,6
-5.633185275542817,0.2122681377483714,0.610764206851984,6
-5.703744405368947,0.3689428731563515,0.9110834244602808,6
-5.434281275479621,0.390208554276335,0.7271806578383875,6
-5.319270728911637,0.4800679263559839,0.7072749819514306,0
-5.539037790716933,0.5408340205996507,0.6429526581474451,6
-5.6435098098738585,0.4358983374709642,0.6207494223408933,6
-5.363731063583503,0.6672514992015804,0.7233335417839859,0
-5.348194373088908,0.787480116449145,0.55323616953319,0
-5.385710718232106,0.5650376022599991,0.369754186293193,0
-5.5710543780888875,0.4015511040165664,0.4090639241604345,6
-5.668035179378019,0.351489195712628,0.6536621509556718,6
-5.6408015413500445,0.205120543142901,0.6015764920147281,6
-5.710298392088293,0.3411122503307383,0.8446646631206481,6
-5.544532151379068,0.2995051203597007,0.6395218654641527,6
-5.356870430576102,0.4560786780223114,0.6924871323416443,0
-5.570488530298698,0.5223139799650345,0.6514915787965304,6
-5.6578904759651225,0.4274558680247275,0.6563292620381691,6
-5.47231699641437,0.6378402984109873,0.8000506779211497,0
-5.385482336017637,0.7427512034381358,0.6487482983119244,0
-5.425498787414555,0.5586592793292108,0.4355609403985109,0
-5.547549930568507,0.4047315096859518,0.4153923293294621,6
-5.645989740537381,0.3874774212013946,0.6353395666301025,6
