0,1,cluster
0.8575664032837268,0.550048822886474,"FuzzyCMeans(fuzzyness=5, n_clusters=6)"
0.7597483947573135,0.4910280156973674,
0.2805186274755183,0.0082747299525968,
0.8699370154793831,0.5664396058950903,
0.6674289668214235,0.6334295543442771,
0.3378881544658607,0.0840615988800464,
0.1229068915676368,0.7736880016866918,
0.6712996711847398,0.6070425167925111,
0.8122687894304836,0.5429593179975115,
0.6563174304767645,0.5888854543784521,
0.6864388833710487,0.5814438704709982,
0.2872730391084177,0.2378415435620343,
0.1250246843303014,0.7435375398832443,
0.3191805252544429,0.1087200935333271,
0.1768664218956338,0.7710110632809989,
0.226287701304117,0.1404398307526566,
0.4241937963956579,0.9005858578936561,
0.1424101122064169,0.770134199676177,
0.5119006978196577,0.7838896043206878,
0.7425321104346984,0.6035317694570329,
0.825739776181773,0.4183926137325646,
0.4786660904070001,0.84746838321203,
0.1654286573459722,0.7304215560621686,
0.2438420995842994,0.1574907521229535,
0.4995490091529182,0.7905516637259813,
0.7591063332514042,0.5700289007071607,
0.4824559346932907,0.8953675010174871,
0.0781075107444747,0.7453107601668492,
0.710603604199104,0.6382196428526631,
0.0756520432796971,0.6789738113670016,
0.8148920340811081,0.5020686758568096,
0.1059338901582821,0.8678725858352561,
0.6735982032255672,0.625392037588544,
0.0750276845879726,0.768917786526266,
0.5218201114524168,0.8722479064516997,
0.1811002850750154,0.1511070976498418,
0.7597907737406667,0.7029985179962097,
0.7016331964430753,0.6320494441489454,
0.7696673048788659,0.620697409823301,
0.4319232162745498,0.8211873628472716,
0.6482083740662358,0.669810870001793,
0.1262479647125181,0.8188853596540298,
0.2212058599056467,0.7314067289838821,
0.2813001818231028,0.157415107657289,
0.1979613897525526,0.7320418744440458,
0.2489822062705728,0.1355449764165421,
0.7315270807822309,0.5954569010715192,
0.8367745112770846,0.5197474922888059,
0.357499146998103,0.8404832680679174,
0.2406939606187436,0.1010401285648896,
0.8067913506191133,0.4602372257794463,
0.0671776497045875,0.7846415111818072,
0.278302241815126,0.1354221562889749,
0.4686444835355763,0.813959833275395,
0.507157634296655,0.8646047363853513,
0.554598798042983,0.7726083961182554,
0.4859456663104015,0.800624463312617,
0.2317786611462642,0.1540361672854719,
0.1541385463317546,0.112997836641783,
0.4245648288447806,0.828823512908463,
0.8341304276548899,0.5637889625270514,
0.1025236196797469,0.8383239682475241,
0.2059061559020012,0.1114711210514005,
0.7218177306544635,0.6232981867656869,
0.2037184392071508,0.2115547509160401,
0.811708842286415,0.4862753498446479,
0.040627620047786,0.7828271972371073,
0.1364311151175383,0.7959501899484608,
0.8794217581621133,0.4826310511472678,
0.8922153949277336,0.5420633893179104,
0.0981605402206921,0.796075072107203,
0.2404694913566275,0.1004279223546122,
0.8456749267328982,0.5516658833371467,
0.2747903282587533,0.1850709839015731,
0.1426965255437157,0.7437079716535412,
0.4711586804357746,0.8725805251109181,
0.1627194534409969,0.7163222673160908,
0.8861343692962369,0.5116197519386361,
0.7816056236178007,0.5978720979944988,
0.207670879783139,0.7798068658797528,
0.4060541735411482,0.8254185088737485,
0.9258204649228328,0.5063784651623354,
0.2259334302129937,0.1397344565956232,
0.2967340518853169,0.0853593408225081,
0.0818496154696422,0.8396650392376435,
0.8637721068254501,0.5306662879731182,
0.4523842628834868,0.8823681835785312,
0.7681257864731016,0.6807340919162165,
0.470188381685783,0.7443847443514566,
0.1148672018380785,0.7499344381119468,
0.7754633825786049,0.4642792615710942,
0.079257448441311,0.6655185750381248,
0.7618975959213738,0.5322867284117502,
0.7331940222185882,0.6686700774082088,
0.6315027153816074,0.6169848669842152,
0.1688443582951154,0.1845694811545283,
0.3632714383761574,0.8302064445236433,
0.4543232997929994,0.8100396230957615,
0.239564392007074,0.0440541656892845,
0.0856185628386128,0.7619213588407424,
0.255676125779195,0.1148176690033475,
0.6606496889730878,0.6295917892415975,
0.8277227774917392,0.4753447732819227,
0.2624308843961948,0.1120323953044085,
0.4161048028943145,0.8087101665735152,
0.8349438773195204,0.5505244725221144,
0.4612801597176675,0.8867318451003654,
0.2844348952398404,0.1228962903739134,
0.677858964182176,0.6132119228719846,
0.4247722410730813,0.8173906344943215,
0.4715695264430524,0.8161376407909183,
0.9163310070546754,0.5455033841185878,
0.1978495399890762,0.1181004257526619,
0.2326611397807031,0.1631624075227274,
0.0809491243159131,0.6741657120204261,
0.4758604179383908,0.8883690161026522,
0.0651013393209165,0.7484512193488632,
0.2410214301097124,0.1000259475407086,
0.4808765713740162,0.7491794975548275,
0.5959090900113275,0.7567290733639139,
0.2132480016603361,0.1946445878692196,
0.5809344027623108,0.7958436639843474,
0.2824491792041839,0.1512511034896183,
0.2295609851051835,0.1133035749146493,
0.1734873271008511,0.1933480978055811,
0.2115743531890309,0.1495763936223425,
0.1361602948530569,0.8353510469886297,
0.2484924249798565,0.1902345416850938,
0.5242527651246278,0.8364432989861056,
0.8256641449748116,0.5075948964507325,
0.8488906993310648,0.5041468305482603,
0.0959404748340959,0.76085917907708,
0.8423034575508048,0.4849012672722428,
0.6694544256409908,0.6558576535881107,
0.2015759177083365,0.1819994110820236,
0.7456228214326626,0.6152105014896583,
0.8539460861744006,0.4991919707171148,
0.6967338704409223,0.5745239631537286,
0.4740565994106074,0.8043774870327884,
0.1267558099873495,0.7489526582854503,
0.3052559275521861,0.157874299348152,
0.4641892877819362,0.7875448256544001,
0.7541075738607755,0.5421721878632194,
0.4598263349814637,0.8195811334244404,
0.8907968288595055,0.4469617618388806,
0.8535699262377914,0.4831918659683845,
0.2723577664503696,0.0870338368092788,
0.8419152842098409,0.5482725653985736,
0.8312467160438919,0.5139466161500456,
0.6032371927281683,0.626738100250284,
0.2063967750207732,0.8253578088095371,
0.2422686463277779,0.1342058044192109,
0.8666194865191329,0.6228377835238836,
0.8124758675859645,0.4865234407803259,
0.5253375459258576,0.8662778033752403,
0.8720953141258245,0.510598671633531,
0.7952589214883915,0.4565159454658898,
0.4570501045379305,0.8470450563411284,
0.1413907001833075,0.7509548842284126,
0.8240087171769567,0.4828783266008187,
0.2455418792297763,0.7265342441474014,
0.7541701262387399,0.5804264904320063,
0.1446030841179278,0.767738945049126,
0.5850360644971435,0.749915627246407,
0.1417503277601006,0.679482040258438,
0.7472231401162553,0.5883863038651941,
0.7387930342792848,0.6456462538466374,
0.1360957713248038,0.7272212600596366,
0.4426188050646316,0.8065779987856575,
0.8094658372016302,0.5216854159844813,
0.2250673324784854,0.0984940526628142,
0.4415351186894784,0.8370558708822731,
0.4148157290018011,0.867170199148956,
0.1510109085685332,0.1298427318116436,
0.673787304862575,0.6504154158550347,
0.2695628131363714,0.1195508355865094,
0.1253267158600619,0.72633221220367,
0.1490823083920807,0.1616307617500733,
0.8634469201904492,0.5315327182484343,
0.7334553165201411,0.602573461424733,
0.8006764426484934,0.4469551174917859,
0.4735782872685038,0.849303364831737,
0.8123726553407725,0.5403899023349843,
0.2030494138540534,0.7817541677955623,
0.7542982874048356,0.6394793067198391,
0.6707994905401584,0.6969226642310494,
0.8861834993669193,0.5830636184285127,
0.314691561835609,0.1706942039788342,
0.1706039369393007,0.8120802010320296,
0.4700567657035299,0.8088627909049011,
0.2541453673517097,0.7734622757611034,
0.3309478749075318,0.8670291273713007,
0.871026238478989,0.5854028367394191,
0.6893228742832936,0.5872209712304495,
0.8222300995737577,0.5880040572309744,
0.4716554939826294,0.7847676620290771,
0.6812515235635394,0.6153588399873822,
0.2484581045300405,0.1469890530904119,
0.4837267551479344,0.8285625411341483,
0.8604530619725763,0.4798920718724647,
0.2024104409719402,0.2179833162548468,
0.1844110144055993,0.7221797911966757,
0.1627529804920255,0.0321170334495789,
0.3179356968820317,0.1080922039134674,
0.1557632547725622,0.7282813205063318,
0.649147447210408,0.6647617683190812,
0.6903109271116439,0.6467142032681449,
0.555446782714619,0.8532869166151829,
0.666422271260961,0.6078397018440015,
0.8002667713305295,0.4658347637267928,
0.4389126612857291,0.8699548675167363,
0.1415334263439261,0.7572540113489523,
0.1642352206812389,0.7882826637717408,
0.761193692589969,0.6194428888914864,
0.8593662480169867,0.4481855560134518,
0.3264105705032804,0.1156097237651909,
0.2424538463811175,0.1080326102202691,
0.2508534265544301,0.1509120373578847,
0.2098038529537912,0.8107936939947114,
0.70909941909095,0.6004257547022744,
0.1857433899784777,0.1737346753534125,
0.2888735089326767,0.1187933698778787,
0.4127367792387879,0.8266157090598727,
0.3150074814914977,0.1721056119370646,
0.4674913872142719,0.8026227510039993,
0.6745042503799812,0.6149055818806064,
0.2214597537876247,0.1500594508870341,
0.7274155086040264,0.6502682185057664,
0.8107643033971081,0.5666006604456927,
0.8505214800163022,0.555496087401505,
0.5099438890280905,0.8479267115399454,
0.8802689229332623,0.4268154261441613,
0.4815422068277596,0.7949077202312043,
0.8592776759464464,0.6032368540103545,
0.8329985815348121,0.5483302253187813,
0.1193406469152343,0.7182036221225159,
0.4358210928098622,0.8344914223709647,
0.4681217922031794,0.8221315510525757,
0.1658855471845612,0.759834060616151,
0.78975366451319,0.5504729996377443,
0.7263148757694764,0.6274283425443213,
0.1505057303997695,0.753435108665166,
0.1853123065898695,0.036440998774002,
0.594580445355834,0.5862007850780693,
0.3184540447192097,0.1953409923766,
0.157478331282853,0.1537545514125076,
0.2408092608734098,0.0663671762047459,
0.2679203581419114,0.16831960039157,
0.1054783745364038,0.7068509868083567,
0.6992405005049661,0.6612095134031477,
0.2947567033107608,0.0,
0.2695591643521419,0.1162207856939237,
0.6841538832048504,0.59988412512633,
0.8319811458853215,0.4815597655532851,
0.7645398913534633,0.6513402445871215,
0.4228036708498217,0.9254528908178687,
0.1746767082892284,0.7343868247296804,
0.922825541408989,0.4999676277808346,
0.7072297896617716,0.4905132721086395,
0.5384326223311042,0.8068359239149341,
0.8113578524599054,0.4591743985739852,
0.6993641918923814,0.5316627633487028,
0.8521144113543005,0.4655181532424657,
0.1018690105123938,0.7129327808070448,
0.8054027373268587,0.5495786064329963,
0.1357522652596289,0.7159382298157884,
0.1598522332253126,0.7530025141107306,
0.0584752494083796,0.8220412181564494,
0.2726089149764275,0.2148473676595635,
0.3176431659719319,0.0863833121149321,
0.8832562766198624,0.4870021647844645,
0.951597895868395,0.6058013704475959,
0.1334653807017641,0.7569132733068827,
0.7476870705880144,0.5593166685264483,
0.5053096819191333,0.7657704938712232,
0.657010059031779,0.5885555836454742,
0.2442026077124041,0.1777720134768531,
0.4431622632430429,0.8785703310390887,
0.1774116228217148,0.813535129197506,
0.6528514451733832,0.5984139273351171,
0.6600843602902573,0.639092781239906,
0.2333162470237131,0.1317916870790862,
0.8030926744407724,0.5112507755366519,
0.7691232461647437,0.5846935014319016,
0.2447832265336779,0.0720187719869904,
0.0811760721717905,0.7491797204636375,
0.882539733829639,0.5428163839510891,
0.8078781147771871,0.5382562816618625,
0.8214778455334142,0.5623098761038865,
0.5159022194336617,0.8770454851751629,
0.7313371081819462,0.5955025198541495,
0.4972887514104932,0.8450694184657913,
0.0629629227242481,0.6894686867989979,
0.6694040753547748,0.6286709198107056,
0.7731444877981865,0.5505013115890659,
0.1401789379997026,0.7189757315600807,
0.6983002210580648,0.6265364991076383,
0.678817145894601,0.6187408729137482,
0.4205991700490193,0.7681312606242046,
0.818520677222702,0.6077698891002266,
0.1032048176964982,0.7715926788056033,
0.2024133396188227,0.7612361581551743,
0.3815211904058566,0.8389436112516664,
0.7325228638452466,0.6062269423114333,
0.8525946312492624,0.5642569819113215,
0.1147713752935648,0.7184902161593678,
0.095954310247619,0.7638080590576971,
0.5065555252428185,0.8914975863474355,
0.1727835368278001,0.0679726998946178,
0.1131005938515359,0.7630583854984166,
0.1537490461563852,0.8649814571564816,
0.2328567261918139,0.1433819114386759,
0.699820947672272,0.5978341608201293,
0.7403053583552655,0.6296202741949694,
0.7095874897700866,0.5690797255609801,
0.1766368081195624,0.7452389098140946,
0.2216017480154403,0.2271860319616838,
0.2438648892646548,0.1812626236816825,
0.8098226334000662,0.5255570204917064,
0.1883459916015889,0.1004227428526711,
0.7712295572602843,0.5436290596198935,
0.384129244846026,0.8070103074816898,
0.2802010784328274,0.1541834251061675,
0.7199877234384501,0.6078966088339426,
0.1470284795560422,0.7461602041876986,
0.2726594140382869,0.0869189168324954,
0.6487674420901233,0.6660479408157812,
0.2326029746164727,0.1447049059601863,
0.107416792925663,0.7179347809375064,
0.4771349783123549,0.8681285685334612,
0.5041276621537462,0.7941061240752787,
0.1862170560944502,0.691711271480186,
0.4855176474210243,0.8572670882486905,
0.4578550872605818,0.8601668602678834,
0.9235337532383856,0.5683633211139892,
0.7015422193176956,0.5771341061090791,
0.0143401946970709,0.7126547976874035,
0.1100685202727361,0.721005222337564,
0.1980208497521845,0.7827264890209261,
0.4627108131706446,0.8057216626051238,
0.1215702678036983,0.8270219109131475,
0.7721595859678861,0.5986490012222689,
0.8029893397034293,0.6158613043720036,
0.2022469347515781,0.7657796117328532,
0.6639609084459093,0.5589639848502206,
0.6515399163942822,0.6341832107902801,
0.2546732744389283,0.154679145150364,
0.1572335588227331,0.1013888431102308,
0.5409628024600052,0.8256946287040466,
0.8414925478452734,0.5008011816199821,
0.2275256294639655,0.1466581993225649,
0.1020799858638624,0.8058900960750851,
0.4424626578970992,0.8127871736951344,
0.4926343099842828,0.8232379337856198,
0.4202521963402634,0.8379515554326358,
0.505526131475163,0.8624137773774062,
0.4513041640555701,0.8643197055692555,
0.8036197188900163,0.604117859971711,
0.5129678793366841,0.9156424263926284,
0.8544700452283727,0.490025243209045,
0.678125794793186,0.6698800000336299,
0.7044400814045494,0.5223521541866101,
0.8054767722642912,0.4707174061620898,
0.7226269157100517,0.617550847615338,
0.8873091168925338,0.579814545560061,
0.2098112128640766,0.1005738372688796,
0.2407477356322511,0.1461864667779878,
0.8527410643411671,0.4860017498703373,
0.141917587254286,0.8236873203378968,
0.2714249848953609,0.1271139770840751,
0.2951040788679168,0.1840342449151299,
0.0565172208411351,0.7608300118058665,
0.2053581655472425,0.23213006593089,
0.2040605853838134,0.1455132519688082,
0.2342610587499518,0.1923207652765149,
0.8677564334335389,0.5132188748910844,
0.8496518896778965,0.5328189885832134,
0.2334602819226776,0.2009100739563121,
0.5228808504863964,0.7968003572097186,
0.7938730469684853,0.4574570671736025,
0.4293506840809699,0.8175721197653644,
0.7177075498675625,0.6046475783115689,
0.86144947817583,0.4907827238596533,
0.2975106588243693,0.7828566380030417,
0.1605115398960319,0.7347332608464253,
0.186862011008982,0.8534589679562569,
0.711552334532187,0.6754654883267802,
0.2200865751883283,0.0208448891719404,
0.2241824065299704,0.1172354900682361,
0.7491655318457178,0.5846942863509347,
0.4146699251614214,0.8531443027317275,
0.6015334138546004,0.6478369805442958,
0.0070194812053705,0.7960014550124739,
0.1139216893086132,0.8053009134408368,
0.2934969140481433,0.1109102260308561,
0.400735740063554,0.861103626463734,
0.2029165735882276,0.7534202689803784,
0.4112468629265996,0.8537637606616593,
0.6454939785681312,0.6285459675249425,
0.2117845750563618,0.1465954322004191,
0.6283189260912918,0.6520492973064888,
0.9408998259758974,0.5841819263087592,
0.8249360770493208,0.5038707937350592,
0.8716515090187742,0.4435771017695404,
0.4019582423463859,0.7754053485416216,
0.2139598226102276,0.7811755016922186,
0.4286359858119967,0.8430527438621099,
0.2857950059433222,0.101210943173258,
0.8401784046470426,0.4856172774758526,
0.1913517764737731,0.155112141508433,
0.347896073999108,0.1029583937242042,
0.482438016240468,0.8654441309129359,
0.4256172406424803,0.8435186008884097,
0.0897952363957556,0.7213611056894931,
0.2122182205715164,0.1928772163983504,
0.4416207687728682,0.8578558872653818,
0.6882095806716532,0.6874959106826478,
0.1696926926753588,0.1670206156023593,
0.6979688305180355,0.6157938339619671,
0.2176421149307006,0.8469241350105803,
0.2392248726053492,0.7078012942034183,
0.5242174471881983,0.8147530648268804,
0.6910837422274664,0.576905158734909,
0.8710076391680334,0.566811640134207,
0.45229061011483,0.8051216480166505,
0.8398947518084899,0.5022047083074684,
0.4828334284570665,0.8288742133475343,
0.8606805760434223,0.5258086536266894,
0.511568578615848,0.8062333415356109,
0.6114177912494297,0.6745099576510912,
0.1277457620359952,0.7756382417076416,
0.1507535882992152,0.7428756544209459,
0.7543136278705534,0.5863552753012194,
0.1325610076148318,0.7273399960538558,
0.5785240213579851,0.8763073129956779,
0.5073487953374612,0.8669866867825553,
0.1471738904277414,0.6940570986925714,
0.2366915371709512,0.1804981112695573,
0.4465645598944446,0.7905047615170006,
0.3196876420745813,0.1525459874424659,
0.1345749587861644,0.8717473215017696,
0.1296503868913805,0.6995949322196545,
0.1688919767819601,0.0562070533928758,
0.2187715338674584,0.7766003549275058,
0.4360753061620931,0.8367495271758767,
0.2533451436553993,0.1638281365225778,
0.2852548642062169,0.0611799885741242,
0.7672058389864322,0.736414649741942,
0.2960843697558332,0.1857897549515375,
0.4841017753993897,0.9002085934960357,
0.8818234359089903,0.4724974049986082,
0.2104982354849289,0.160937512808666,
0.8587117738793598,0.5034338947555669,
0.6412485317743672,0.6787978969810308,
0.7074866575587405,0.6620618528578536,
0.6399082753218719,0.6241295411155345,
0.2414306219411708,0.1280332737218364,
0.726758533737307,0.5774480512170778,
0.7846616342596637,0.517445649907239,
0.823531438034837,0.5523887637653463,
0.7535026019661172,0.6896141948965592,
0.4000122526385236,0.8416515342651361,
0.1751074073306482,0.7401610444172879,
0.22636163612953,0.7446623286655787,
0.7909568086625359,0.6333232282479755,
0.3921183037985393,0.8133895037383206,
0.8992277604968906,0.4937268454954776,
0.8719919619272956,0.4971942809260162,
0.5051365881055859,0.8392294195391256,
0.8995797414056148,0.5264647744286036,
0.2136348866730646,0.1392705722466182,
0.2138327457719104,0.1217192575358984,
0.2350585855902211,0.1535478674682926,
0.6919168618390744,0.5828057494820937,
0.2227505146522213,0.7773411581272613,
0.4847285545623116,0.9162331730264028,
0.6204831617753005,0.58561369865376,
0.8643635253395747,0.5294201219726818,
0.7826516807614419,0.4535162427300029,
0.6953390663232277,0.6225177324901154,
0.7888918881877263,0.6062434929705817,
0.137250301560142,0.7823847651067865,
0.2332379259090909,0.1343559947749945,
0.7975037653600151,0.4562732571516183,
0.2543848678695836,0.2397236271824737,
0.5385798550987518,0.810136848303449,
0.0964541562627844,0.7588189849604975,
0.2688452798154755,0.1558047315583304,
0.6714509332355949,0.6354813670371112,
0.657908544464893,0.5878468339206646,
0.8205771032843224,0.5700269704992251,
0.4981746644437586,0.8168474420407736,
0.87834836000729,0.4542415933305165,
0.1483670959526851,0.7986285359621307,
0.7787749586946643,0.4333149246781504,
0.826821767759111,0.595887211479006,
0.4694189307179476,0.8955934085274694,
0.1231107697170666,0.8208980995656197,
0.5157788692110836,0.860620052868271,
0.1025077264241413,0.6737159976014315,
0.4769399287211343,0.8095727253958316,
0.7421611225766293,0.6263972816243732,
0.3287419796173009,0.1492134999085586,
0.7088719398763754,0.6428955280883223,
0.6706494292798338,0.6635860754675738,
0.1000934979990749,0.7237587552288384,
0.1267628318992533,0.7501136615880398,
0.8053578945850088,0.4947015531620928,
0.7180322787280357,0.6058359037284309,
0.4386747392164343,0.8411321179054907,
0.8265023384717187,0.4576176786614056,
0.1549637211989231,0.7949721249165671,
0.8094020213348917,0.553222736762984,
0.9056580624217446,0.5031901406838404,
0.1710841367649464,0.79934151025559,
0.4734463638234229,0.7941629551310918,
0.1257901776760187,0.7732131436978926,
0.1631576174584478,0.0974765934174462,
0.7226466362028139,0.6288584459460739,
0.3729539034207341,0.8080883404225591,
0.5227846600202388,0.8261318953044244,
0.4250112068242301,0.8387909692543268,
0.5099090027617942,0.844436917860132,
0.8531215473363771,0.5082546497880199,
0.7335653721144821,0.4773280207638685,
0.7449598798200255,0.4658249603881145,
0.2054702854570946,0.1007282506647375,
0.861199909250622,0.4931770529206906,
0.2558019531708383,0.1512684818210184,
0.2036577717052415,0.1109732142396924,
0.188443044286402,0.1195967649814345,
0.4279211265068012,0.8420275962344316,
0.4287834022859729,0.8103299687868121,
0.8058354532213358,0.5229242056468741,
0.8091457603002646,0.4743120814176874,
0.1381583005430115,0.7054746927178353,
0.8157747183439168,0.5067325457728749,
0.4821164266088524,0.8636822264851599,
0.5443835698483053,0.7676300815124864,
0.208155759228077,0.2146580803835383,
0.2538291489298479,0.172341942009557,
0.1434807751486536,0.6926098747450333,
0.1666443483602416,0.6823398982754528,
0.7089820076014843,0.7001788231256664,
0.0672143731129896,0.7140674232472922,
0.4384410875203393,0.8804322416296467,
0.7147905530485611,0.6377699363938149,
0.838540797609377,0.5961104582645094,
0.3947741233022933,0.7889350793964831,
0.8423153644535087,0.5558799288776921,
0.1771519441338155,0.7036037627276108,
0.1165093550170428,0.7462857279165717,
0.7908020746224506,0.648420051741942,
0.3969837291375546,0.9139481313285324,
0.4237845919365531,0.8198655562916107,
0.4417391618111318,0.8545174104711614,
0.8850417077065857,0.5260357829215634,
0.8953426209733693,0.4956837042222124,
0.1772836543729722,0.0648051039641923,
0.693592668001534,0.6071837232525535,
0.5420890249613481,0.768687120765073,
0.575377348344412,0.8571031377613716,
0.973503638790585,0.5197611566509471,
0.4204511444021169,0.7985556897289806,
0.4224921894777755,0.7646147041773267,
0.4327463648635941,0.8721834592890535,
0.1481519004720919,0.7933081362633774,
0.7174092304949947,0.6007949294138172,
0.8485622729273895,0.5138516350110275,
0.292802187770001,0.0655935570492609,
0.81124285443787,0.4987273733273014,
0.4526276188109326,0.7737779948972847,
0.2747087064742322,0.1473643509797894,
0.2860473141915407,0.1438806870226044,
0.1088318596912815,0.7668731701955959,
0.6894946326324259,0.6012658107885265,
0.7918506818483607,0.5050538345916071,
0.7918275911466611,0.7146739353795394,
0.714009023597947,0.6055058320256973,
0.7580420605523543,0.6623213711108233,
0.7557994594298095,0.5460745706577421,
0.5001461746058273,0.819941128152366,
0.2140017933441966,0.7482056823396885,
0.7289454289751321,0.6204433523866382,
0.6998088820891252,0.5810038177074937,
0.3886148248658627,0.7679901376694909,
0.6797006621185832,0.5852191162522586,
0.8614057001094862,0.4800672378597201,
0.105042809125908,0.7774385775716638,
0.2266774180919029,0.0620919653976043,
0.3502374956948491,0.1235480590297077,
0.7377325455401799,0.6381571265041808,
0.21335555052087,0.785775523081602,
0.605060702327665,0.6188914854823407,
0.1685420479613212,0.8516056431138848,
0.4559006694362111,0.9520406490127308,
0.1653270636839464,0.809987710350389,
0.6690543940919211,0.5555746295396067,
0.4229151062249824,0.8050256621456799,
0.2001184364460108,0.1466151974277549,
0.4180938566195676,0.8107236087792168,
0.2500918225515136,0.0652660865216028,
0.3371271512523247,0.1572220453771672,
0.8487914342423059,0.5179367990272397,
0.2485031175906155,0.1628521578138146,
0.4639139556654302,0.7692082215855607,
0.1181417152424233,0.7673120358689017,
0.6658638710609951,0.6145904961446397,
0.703114620200325,0.6684966058054562,
0.8890365193908633,0.6038698113738922,
0.7244170442493247,0.6642208365864775,
0.7920692863950465,0.5133527256350551,
0.8983758154864147,0.5360327226167333,
0.6390483719384799,0.6571292043469074,
0.5338548086860752,0.7986846190580232,
0.1109745004548962,0.6852472389588973,
0.7685752532389045,0.6800876847930113,
0.6601782677371884,0.6026056735325656,
0.7574089941987007,0.6194616115547491,
0.8448541545012609,0.5682121704944422,
0.3901781282721258,0.7988924423480928,
0.812462454091553,0.569989720743337,
0.0610659912137916,0.8382523811988288,
0.8609145887199031,0.4476717906780136,
0.5792615875136508,0.7473635363776171,
0.9077417546568104,0.4277008955189602,
0.5890468020997593,0.6534010894325591,
0.0813937982932351,0.7807254300438221,
0.2535933061368877,0.0981826047649716,
0.7112807896134618,0.5856408507243781,
0.3088217983637392,0.1537381916846838,
0.8449537869638968,0.5126474066971698,
0.2777878458134589,0.14668249669827,
0.2002936028614316,0.7315422488636627,
0.6981066684756351,0.6046533919975025,
0.5655353526171335,0.8386567522851963,
0.8212313803470729,0.507589422631126,
0.094780885513956,0.7987339621545368,
0.49689111127106,0.8591984778672366,
0.1353145622971495,0.7205184942004452,
0.7072791117304895,0.6817109719918584,
0.2237573443602543,0.1006928559557636,
0.6890637539615002,0.5871977400364684,
0.2736142140423737,0.0604684053673465,
0.4789696303304092,0.7812746571965861,
0.2907132724175736,0.1303052149387916,
0.6542582531800363,0.6351260482893831,
0.7894785946200767,0.5466489985134012,
0.8775687413805564,0.5151562681782756,
0.1843275518714399,0.1211892319227018,
0.7527483290576081,0.6017280313623551,
0.6077337055488642,0.5964826328771589,
0.2430522397886936,0.1571658030136267,
0.3239379425865994,0.1744366279417519,
0.7145422477099896,0.6357580452751402,
0.7909849299441616,0.6560368079155339,
0.2473845374496734,0.1998052349876232,
0.0782431611303257,0.6314911818598645,
0.8518029754158347,0.6150366833645624,
0.4003397445611097,0.8745346010292263,
0.2042989724383419,0.0707397902526264,
0.4824601394728993,0.7450490543126408,
0.2053891750167406,0.1059682785650324,
0.6982607868546422,0.6352506148231709,
0.767044294012879,0.5467418858791089,
0.7737823076614199,0.6111727659553976,
0.8145614464519686,0.4915343956110739,
0.2559772844636692,0.195412725659182,
0.4106472329621722,0.848186587150443,
0.8389273184874485,0.5916389450162512,
0.149404189974094,0.8306866622960783,
0.4140885762194735,0.7753594178575601,
0.3212016631908991,0.0795113862756637,
0.2267528556161233,0.1330853302501877,
0.800821785672256,0.662662829415996,
0.7457894184202329,0.5213680054757381,
0.1574181682387507,0.7895287916629855,
0.7666942018273002,0.6346599356724656,
0.1389677931095554,0.8281814043539236,
0.2278760077749661,0.1292594346211592,
0.142490604015891,0.6980731951538571,
0.3834482938038946,0.8418269153449134,
0.8432009057052491,0.5380637263966798,
0.0705880431173358,0.7801247232085743,
0.3197072715856661,0.1324930642463795,
0.8834969329024309,0.46907373206688,
0.7731190140856096,0.555689892100925,
0.7485404426723256,0.5907359906155334,
0.2614690681398401,0.1076085812411904,
0.7866359105590816,0.5689695757027322,
0.4178601639344745,0.8207770325462567,
0.4831111357746392,0.8759501039316441,
0.6995636400722894,0.6050024939137348,
0.85284207740917,0.4794847742037281,
0.4415103597760659,0.8568356273501816,
0.2482101618012487,0.0421278262651397,
0.4911327880782549,0.8284693878034011,
0.3208432377285473,0.0930740065903092,
0.2160732187287587,0.0810810613874058,
0.7175017704367072,0.6156318842217349,
0.8782951166703356,0.5059229350253549,
0.7025771141595265,0.6547393904263931,
0.4352659117790485,0.868232962992841,
0.7576601575416353,0.6261681016699169,
0.235054093509274,0.2119906868167794,
0.1678351816431791,0.7760974299849457,
0.1840630552145746,0.7455099033037047,
0.7581415461498069,0.6417513157562698,
0.8558498624442644,0.4643949432395823,
0.0769064810671548,0.6334816006982876,
0.0654477427429892,0.7328761719562723,
0.248459535088341,0.178209622007896,
0.7282740302399964,0.6744954011075185,
0.6956693862361355,0.657318838140284,
0.3868350784336892,0.8100469817688509,
0.518529966146825,0.8516108829133875,
0.6882619806308342,0.6499718223007217,
0.7340337903385105,0.6158704242812911,
0.8136709735159594,0.4716134177759882,
0.1418546371715096,0.7506371392287405,
0.6058987933861509,0.5489984255802204,
0.2387776953344353,0.0839808716174495,
0.3777979254595615,0.8918641707383672,
0.1672796749140148,0.8296488300636878,
0.1362953185456508,0.75464985974364,
0.6449156714328068,0.611180311428125,
0.91843049240779,0.5226929751954487,
0.4802462458897958,0.8446653754120922,
0.6230465479576036,0.5717032996173386,
0.3303007892385108,0.1399950679035261,
0.5617408225322786,0.6513456267825471,
0.835428443540407,0.4762927311560382,
0.7062060567393091,0.5698396960721701,
0.7335583110623478,0.6046134688587245,
0.2946027271035786,0.0869594592721349,
0.8029369789144051,0.5403802225976782,
0.0306451814161793,0.7762303015477859,
0.8049059110063823,0.5299124465322519,
0.0962646925111996,0.7968310611060573,
0.6397799173797521,0.622466135777407,
0.7899933754716586,0.5675766068257825,
0.3630100095540518,0.1272782810713693,
0.1064826270153658,0.7864425007539915,
0.7477109365565368,0.6424810911515875,
0.7486717501736456,0.541612867626869,
0.174818197132709,0.8060675104845851,
0.2311443053868956,0.1680092460220644,
0.4570430455497083,0.7823017779824247,
0.4608418834140068,0.8991180899508405,
0.1039778674236526,0.7429281925602099,
0.2882700646006954,0.1086785992562554,
0.0903736195343699,0.7388538821183022,
0.8427605915937366,0.4523259845206629,
0.4132672497284082,0.8538564982734597,
0.6834617529427803,0.619465710132055,
0.7157804811927836,0.6785315548860292,
0.2422968512937756,0.8122285630553358,
0.0961853295399877,0.7838537372169406,
0.7500159638798435,0.6409807055355121,
0.1861466695964137,0.7245337916079176,
0.1264671502172403,0.8327917187582269,
0.2380005189400374,0.764873498940591,
0.7207134256314653,0.6076357922357715,
0.7916981277521978,0.6734913803833947,
0.1132042328675437,0.8146428741640536,
0.4472829588689121,0.8682448625702428,
0.1870177877617756,0.1650120014575867,
0.1694307457450727,0.7398975440633054,
0.4824838095117072,0.8290997390537542,
0.3994510211696869,0.8149751020095514,
0.8708889986140262,0.554332711666863,
0.6945169795694984,0.5868974139384626,
0.9713324846490152,0.5218511118155338,
0.057505790930923,0.6798589186942581,
0.2136901533463572,0.1954649709905169,
0.431302404755934,0.8227288593150657,
0.225877101191761,0.1231068585040851,
0.7389089912056664,0.5473202580296348,
0.4677295638910535,0.8512114344353782,
0.1402925110808815,0.7840163140786239,
0.5030991218890234,0.8392412470877071,
0.0917398537905791,0.8303758557715322,
0.738682926185583,0.6378525690097778,
0.8464695401456711,0.463424921365506,
0.1070312497150621,0.7739452190588495,
0.551806429303813,0.7799957823016941,
0.8509662007085502,0.5006109915070662,
0.0870140587111581,0.7747684646968798,
0.4921306450855537,0.8842925328144766,
0.1376159312302212,0.7782571959416367,
0.6858245645780711,0.5499101954579264,
0.267912151691473,0.0826426417110554,
0.1837870201212522,0.0824145860483881,
0.6601309972145155,0.6405790092415088,
0.4487900639470005,0.7681059967810593,
0.7328942086952794,0.4887373276160416,
0.1366249495668079,0.7573248404751631,
0.453968780648386,0.8460379984562902,
0.4924562491207189,0.8690583988995421,
0.4588808790346961,0.8489046222732128,
0.6360310145966216,0.6381118033702345,
0.2331811893054416,0.183770818790597,
0.673700331912872,0.6264250825280365,
0.7018828354255114,0.6127696450384178,
0.8513669999198975,0.518756160313242,
0.7367747690760992,0.5998825373086542,
0.820433754687394,0.516114085326734,
0.4199684759501174,0.8168070709669543,
0.2147341974270394,0.1749528296920845,
0.1859660273938907,0.1288925128286578,
0.6414815305334538,0.5936220254582198,
0.4645602240130652,0.8385496283886849,
0.8498135419160788,0.5164921743568154,
0.4106312492186565,0.7790328876819047,
0.4771187117045609,0.745156883972956,
0.8541102710397015,0.5077735225192406,
0.6964570374249534,0.7621596507558864,
0.8372548130411186,0.4699267059376928,
0.6996137975482782,0.6027457832124871,
0.1247002998683379,0.7223137241433358,
0.4609613095350536,0.793209643752033,
0.1249301685571066,0.739255839170241,
0.5135383056744218,0.8248900077255436,
0.1446258701967703,0.6887888911201793,
0.6843207767428189,0.5763892795372603,
0.7326961423704899,0.6309903990873446,
0.2992960498308857,0.0663968836574443,
0.4819185514276495,0.8070673625393897,
0.8038128911322616,0.5257614568791735,
0.1648744071600151,0.7188447898935276,
0.2962589649285745,0.0561200097567589,
0.8107733135653745,0.5801679800272701,
0.4953988197813245,0.8591958925367269,
0.8878808803646234,0.5018680589231274,
0.0533532576153001,0.8117359073573566,
0.7848447927210663,0.5519779640983782,
0.7557347075400975,0.6908424453861811,
0.2688473961142434,0.1416892939258086,
1.0,0.5743179040530971,
0.9430835560914288,0.5213146295006962,
0.2243926607536085,0.7365024550267675,
0.1336070535614486,0.7828110102686151,
0.2086479270761923,0.1544626800292433,
0.8515524625289699,0.4745099355553295,
0.8470930533793002,0.5299931553349853,
0.2834141171285453,0.1570421484640621,
0.2904883780118333,0.1404666026288947,
0.9706188631742488,0.5267749716426967,
0.3040428845481427,0.1423551352993049,
0.6485766665587364,0.5715499186574207,
0.6808215661429879,0.6764878445347373,
0.8624417696840712,0.5359511824904345,
0.1338175846307213,0.7924202269667568,
0.146067400001682,0.8688057752982562,
0.7598687848447039,0.6119115157683224,
0.7591932909969369,0.6232105309541791,
0.1775296103459459,0.7309962990966669,
0.0859289553120452,0.8542350025180963,
0.1559144966285489,0.7993356171743115,
0.2702178547568622,0.2219066796909338,
0.6197127717142108,0.6598659653404645,
0.0515982649317646,0.811780653729807,
0.2605714801637958,0.1390233628313004,
0.3221916436426894,0.1683192322785073,
0.4920658810762872,1.0,
0.7459086674279589,0.6491500742067211,
0.8692289240090256,0.5379755341428951,
0.1753351674627402,0.7738700482340305,
0.6950192144823174,0.5976148107114848,
0.4650305770284728,0.8218371105675546,
0.692074384434693,0.6709835007309732,
0.1089781624101078,0.7819292950343177,
0.5953352708352704,0.5924682316245838,
0.7300505524882448,0.5177456236800165,
0.644065965686382,0.6023188055488345,
0.199676880658308,0.7919775057914114,
0.3029128888833027,0.0935403449092148,
0.2069191338260625,0.1084796732626253,
0.1319590061835209,0.7254186346545753,
0.2281012706808799,0.1355447804795614,
0.1979285982339493,0.7015619145640543,
0.4675140577520847,0.8336976876726814,
0.4950228283915706,0.8995421293523871,
0.4579738998336486,0.8483074660806693,
0.4812604407127454,0.8041450095949881,
0.6492221296148231,0.6403754473811735,
0.7756843273026626,0.6086948768802111,
0.1078511180119348,0.6960982070624347,
0.2238550457566201,0.1378184938620057,
0.3203369783994933,0.2063233537365101,
0.1036370799276922,0.6436194615709255,
0.4714793496242916,0.8622274918320695,
0.1413786907727516,0.6696227803228892,
0.0997878647562805,0.7012096842138803,
0.1089395813237365,0.2288528007828228,
0.0738552858582575,0.743898511988759,
0.1916726663124606,0.777970727494439,
0.1596128232933789,0.8073008431458497,
0.4691797811642653,0.8566394488183985,
0.6928160476058236,0.5968478684184888,
0.7079430637621522,0.5560698583355015,
0.838590491338291,0.5219865253547312,
0.8812618672972445,0.542588179380397,
0.7577652110231271,0.6697223365667879,
0.6990403042095873,0.6398124665178395,
0.4075210844030905,0.8495923356104904,
0.7826561942230568,0.5485684812267647,
0.8791224186768689,0.5849046514345916,
0.893718098177602,0.4981625477335022,
0.5688756962556618,0.60582972024436,
0.4652656260444987,0.7896897458752506,
0.0988837528115958,0.7216812315781691,
0.5321234727482349,0.8375228873171084,
0.7227030658746247,0.6977454037340312,
0.925985361287712,0.5593828452878736,
0.2665630189559819,0.1792970840499975,
0.2647139010628757,0.0905869312309106,
0.2367274158600528,0.1478334981110804,
0.1577944340509637,0.7895065844362581,
0.6659481912576375,0.5370917434780689,
0.5669977926696662,0.856637466790859,
0.0941019070839329,0.6991017125207029,
0.8359044530940564,0.5713263058710619,
0.2368346934455893,0.8238814368020163,
0.7338263127565611,0.6991673724166361,
0.6470336533760913,0.5563574200046693,
0.1005218781725207,0.8140549942725687,
0.4310998005250142,0.9132237558373114,
0.2514684855610673,0.1081604466842696,
0.2143137254140363,0.7461682590690288,
0.2367126670339273,0.1403286792347302,
0.4998711236146039,0.9279111410698526,
0.92015727807539,0.5254601721073555,
0.75442623318755,0.5264368984463331,
0.157617437886411,0.8588712984937655,
0.4602709804757108,0.8766819288525829,
0.4851887744187603,0.8181283029476466,
0.7211101010538692,0.6391479074269231,
0.3585766272157092,0.1183914748629653,
0.838748942513431,0.5525400200558651,
0.7053908791441793,0.5483348620879668,
0.1646814995015191,0.0892019194980073,
0.46181624263283,0.8518896900771752,
0.5095270217529633,0.7757217637435293,
0.704035348305434,0.6950110093099007,
0.5265075172791496,0.8664216743393203,
0.0854727570725693,0.7515655912689732,
0.2289636950044301,0.1739146508062083,
0.2669634712414009,0.162491411686232,
0.2124203151575538,0.1408033694456807,
0.2131572635984016,0.0512296919184102,
0.408159043423385,0.8496275781163343,
0.4811259454741158,0.8052249245762647,
0.3049091127708947,0.0971479778952075,
0.2789785863649565,0.1298034859743206,
0.4337208446355786,0.8572697166111783,
0.5400075753716509,0.8733870044998837,
0.8761161208714424,0.4725405202094377,
0.4878978567888366,0.8063133687592364,
0.1998923109680728,0.7890086481152994,
0.736425606872473,0.5086972443622535,
0.8323455391734912,0.501747388943852,
0.1452139527829628,0.8082936332726657,
0.4723424709756758,0.9424536012289336,
0.3133122928168477,0.1397159998969769,
0.238886349218775,0.0736597527291847,
0.0585558517785399,0.7345495673988796,
0.3675018802909785,0.109242672820216,
0.0,0.796923025654255,
0.7555325827631829,0.5814415995743906,
0.749310328523314,0.6302316582265352,
0.8248015133468994,0.5568568424396525,
0.7087763865496273,0.5543689611355119,
0.3018020929591739,0.0792135447666365,
0.812652126382098,0.496022277162941,
0.1259872498885672,0.7611455235379121,
0.1281185578530878,0.7176198796543081,
0.4366417679872962,0.8213291391688448,
0.2193761389679492,0.1877640884436475,
0.7105769329364949,0.5833738857890336,
0.1896920200030144,0.783109294359609,
0.6742737715271242,0.6797894424300985,
0.9210163662082188,0.4537346212290038,
0.6889982116145359,0.5777118402871332,
0.2668245624029722,0.2268742411111844,
0.8252788831638881,0.4792599046649222,
0.815671278800524,0.4848615503972771,
0.2356023715294808,0.2264516295967796,
0.6982576633133871,0.6548131955873944,
0.428219019923202,0.8669383630381462,
0.5808966289358978,0.7934633367203366,
0.4636147058999935,0.7906216024663484,
0.2371446458617219,0.1788728329904277,
0.1674946902745683,0.1649036605574605,
0.9352198718966556,0.5747470335097541,
0.3573801027630141,0.8104043273830002,
0.7637508019786521,0.5544614408748083,
0.099038638193571,0.7494197824673325,
0.8433347109530099,0.5990503017263118,
0.1854731913807476,0.7817459041146252,
