dim_0,dim_1,cluster
-0.3050338274651376,-0.2805178177500995,0
-0.3318341986126128,-0.3033297619452664,0
-0.310497278513877,-0.2848314883942955,0
-0.3567206224268678,-0.3223122543221362,0
-0.3323234133525408,-0.3046180580285552,0
-0.3408204908040361,-0.3124443110847761,0
-0.3259377185441952,-0.298792654196476,0
-0.2831996276991843,-0.2628379954620114,-1
-0.3520427310020098,-0.3191096135025198,0
-0.335396074558469,-0.3028595818369516,0
-0.3745799545179392,-0.3366273245020899,0
-0.3078114019186323,-0.2824732571963868,0
-0.3252227676687375,-0.2979589977131294,0
-0.3010927546957838,-0.2768627869495422,0
-0.3513579727416017,-0.3178391940327221,0
-0.3465783328553299,-0.3144787319319012,0
-0.3373740473877515,-0.3087516548079164,0
-0.3160096915631138,-0.2916807938634943,0
-0.2775928604694816,-0.2579378200584653,-1
-0.3583620484197067,-0.3224424680657626,0
-0.3365867336723751,-0.3045615179200761,0
-0.3725597121171468,-0.3347400606466355,0
-0.3116070577403237,-0.2854706191063976,0
-0.3433172828878451,-0.3119646401985863,0
-0.307796612510859,-0.2819509759536353,0
-0.3561693782608317,-0.3214139094564009,0
-0.3652021885572761,-0.330246256152804,0
-0.3235807344044651,-0.2975342116468722,0
-0.2844727661888499,-0.2668699870595633,-1
-0.2802635505364381,-0.2603906710189477,-1
-0.3595358460662134,-0.3242999197078286,0
-0.3348747917950466,-0.3042738460486227,0
-0.3704077819763029,-0.3335207689843139,0
-0.3188956657289843,-0.2913285327607863,0
-0.343903117512129,-0.3120493258886028,0
-0.3124987309100061,-0.2860018359187267,0
-0.3535727543665679,-0.3191868709198051,0
-0.3753104032371275,-0.3393320958015539,0
-0.3041560665308688,-0.2833677966660237,0
-0.304743632735822,-0.2828908778512475,0
-0.2462405770232451,-0.234047055564348,1
-0.3594432471149031,-0.3237762178600034,0
-0.3320085037125213,-0.300280645089409,0
-0.3656798987968524,-0.329876847836965,0
-0.3218959624604476,-0.2931866981062279,0
-0.3428267816953548,-0.3114157004623728,0
-0.3150723005388799,-0.2888469990984045,0
-0.3512550663135232,-0.3177649149106093,0
-0.3731324372726889,-0.3387443178315208,0
-0.2999135753423987,-0.2806636175295299,0
-0.3225187486114049,-0.2966398586202609,0
-0.2806011985694359,-0.2604539243779652,-1
-0.3576946600915129,-0.323122783341194,0
-0.3244088254740407,-0.2925513522131474,0
-0.3685932538281644,-0.3321034727165107,0
-0.3144083595983913,-0.2864436895290259,0
-0.3382027540128774,-0.3082454719833244,0
-0.3150108899028182,-0.2889302388192846,0
-0.3563991961036544,-0.322844852587386,0
-0.372681680979912,-0.3388098874232035,0
-0.3263227088851741,-0.3012487828748427,0
-0.3349601582982434,-0.3063721775015294,0
-0.278601231094062,-0.2587894452972059,-1
-0.3403255548321406,-0.3098284097102722,0
-0.3175249391982427,-0.2870935427844336,0
-0.3701631528347095,-0.3331636353778537,0
-0.1451115761220509,-0.1483989443732077,-1
-0.1928801261691904,-0.1822532489177514,-1
-0.2224154299229671,-0.2113199529224815,2
-0.2141204464515084,-0.2032525593549282,2
-0.2443432325536398,-0.2328869438765397,1
-0.2072633199581821,-0.2041521400961929,-1
-0.2049391158444767,-0.1987627274907851,-1
-0.1825187212295802,-0.1890233941788951,3
-0.2003998826802454,-0.2011800620136778,-1
-0.1960034925699503,-0.1966735538978316,-1
-0.2434616772314115,-0.2357674476199271,1
-0.1351824472944151,-0.1409578491471194,-1
-0.2046104420179826,-0.1916780074066653,-1
-0.2216188555122215,-0.2095857430516124,2
-0.2268024062026103,-0.2148106776118861,2
-0.2482946142880527,-0.2347847992964471,1
-0.2063559210523069,-0.2038486490993394,-1
-0.2167438665897202,-0.2064489084973168,2
-0.1806411298078614,-0.1864782804547247,3
-0.2035618338172083,-0.2054077901892657,-1
-0.1967346951444222,-0.1933733362182913,-1
-0.2280248684464179,-0.2254925955761847,2
-0.1271039686123205,-0.1349186966876331,-1
-0.2089092348084018,-0.1947055175211094,-1
-0.226523298297225,-0.2139586080552518,2
-0.2292351097431173,-0.2166065674798767,2
-0.2472001192862633,-0.2335150426941994,1
-0.2119022079033093,-0.2101201337390878,2
-0.2290436908757384,-0.2168241890888356,2
-0.177006735199258,-0.1825020724280732,3
-0.1987238731877612,-0.2026153938262463,-1
-0.1932805436090381,-0.1903353821482657,-1
-0.225529178131992,-0.2214775526251967,2
-0.1140707802216472,-0.1255364964554799,-1
-0.2103081581530362,-0.196137308674595,-1
-0.2267038009250198,-0.2141281723322879,2
-0.2243905861036258,-0.21201901017061,2
-0.2441874676229386,-0.2299466735233366,1
-0.2203068556291628,-0.2156285232012651,2
-0.2263035094236246,-0.2165464427844052,2
-0.1712692953143094,-0.1787587269615772,3
-0.2003341815899874,-0.2021655868390768,-1
-0.1936018202008406,-0.1928734346634112,-1
-0.2382463733035054,-0.2251298980209221,1
-0.1107086164400064,-0.1236703796555117,-1
-0.211530735834116,-0.1964610842502311,-1
-0.2215781690596571,-0.20992956624278,2
-0.2226990788435519,-0.2113936510384736,2
-0.2311297629359596,-0.2163133376747827,2
-0.2251457229701084,-0.2178082390489132,2
-0.2176188901407177,-0.2097579761259995,2
-0.1664626940229556,-0.1752575675678791,-1
-0.2057250782462568,-0.2043783288086653,-1
-0.1884912388827774,-0.1913961137665484,-1
-0.2424232727620649,-0.2299043900266508,1
-0.1066698255287367,-0.119109406230356,-1
-0.2095994202413707,-0.1941381664829602,-1
-0.2193962676200244,-0.2084688316015283,2
-0.2208545053598227,-0.2100535305469467,2
-0.2199338728559081,-0.2082973165936871,2
-0.2346008452434999,-0.2240864019382011,-1
-0.2163584993275212,-0.2075533374524991,2
-0.1638294409904337,-0.1720109654236877,-1
-0.2118294433651564,-0.2066593274322373,2
-0.1744938613806856,-0.1800516726455474,3
-0.24431018724253,-0.2316124049808378,1
-0.1374030508360365,-0.1310748146701585,-1
-0.1841115380489624,-0.1728062962065546,3
-0.2277369922212337,-0.2119435161385412,2
-0.2562997706322888,-0.2396445829549372,1
-0.252814411989235,-0.241437758216125,1
-0.2541392196656891,-0.2423140869184878,1
-0.2257679323929829,-0.2197082322071218,2
-0.1831809726186787,-0.1799978627164238,3
-0.2261793969424696,-0.2186700884450322,2
-0.1817776138603646,-0.1729647327397657,3
-0.2564114374760632,-0.2355454340180624,1
-0.131506036849621,-0.1266665790373649,-1
-0.1813853594280494,-0.1708830030110156,3
-0.2270397408570968,-0.2111886068782572,2
-0.2585348997540673,-0.2416376492725886,1
-0.2449684970104817,-0.2355241259360903,1
-0.2555020133482476,-0.2431569222210959,1
-0.2238964358173542,-0.2189283816601577,2
-0.1896236865709474,-0.1851626564485584,3
-0.2217788915491758,-0.2164278257311778,2
-0.1857224722864829,-0.1775516043223949,3
-0.2598111321900774,-0.2392653126101683,1
-0.1311861663131138,-0.1256229957970546,-1
-0.1818563012692985,-0.1716296057001751,3
-0.2266738389749638,-0.2109844421587983,2
-0.2578306795723638,-0.2413944352161716,1
-0.242717732428659,-0.2336224493903073,1
-0.2551487004970796,-0.2434662537788866,1
-0.2120742090048749,-0.2096490575888684,2
-0.1917211827382849,-0.1865448362910166,-1
-0.2298877441261584,-0.2202118176480132,2
-0.1694684709382139,-0.1660643183780657,-1
-0.2549732898339562,-0.2333979139616918,1
-0.135326783388433,-0.1292923756325636,-1
-0.1842765074689868,-0.1737410134796302,3
-0.225669448305797,-0.2104376938677522,2
-0.2566540073252439,-0.2408668806610585,1
-0.2343163878844533,-0.2271364782321217,1
-0.2543635694946515,-0.2427905611154093,1
-0.215268382837828,-0.2118306176280824,2
-0.1959910736753246,-0.1908883744826644,-1
-0.2324920830023016,-0.2164884266248807,2
-0.1625390136886226,-0.160979549089421,-1
-0.2541857448652109,-0.2313539098250968,1
-0.1360828993811058,-0.129855114238761,-1
-0.1873264328455953,-0.1757276407152192,3
-0.2245494990482315,-0.2089382133526944,2
-0.2548015630640566,-0.2396330652867042,1
-0.2397281706450595,-0.2311801200395063,1
-0.2572262410019685,-0.2439420165463524,1
-0.2191737303618843,-0.2150210550002939,2
-0.2042718088303756,-0.1993114034964295,-1
-0.2319928555923197,-0.2142793594194968,2
-0.1606729650014794,-0.1601333401762744,-1
-0.2540905027832703,-0.2310573838433633,1
-0.1331971971800795,-0.1275107469592032,-1
-0.1921000749618625,-0.1792434240912469,3
-0.2217834647498772,-0.2066926499653563,2
-0.2553650734751196,-0.2397406696848833,1
-0.2434032130819845,-0.2341095963427102,1
-0.2583505660223926,-0.2447707324582414,1
-0.2209963250473827,-0.2165835867172744,2
-0.2001573104019094,-0.1956980030032457,-1
-0.2434456752141074,-0.223901693247871,1
-0.1606808496905193,-0.1601377555921877,-1
-0.259508053064273,-0.2371157454056073,1
-0.1944851381251706,-0.1783178082683824,3
-0.2281087128943159,-0.2092557976690041,2
-0.2078213360193298,-0.1961225094742752,-1
-0.2179132739540141,-0.208154611559698,2
-0.2331670615489888,-0.2211552729488993,2
-0.2505918591512849,-0.2374379323832966,1
-0.2019029564932646,-0.1988343932083451,-1
-0.1480205923644171,-0.1547043691794903,-1
-0.2409743022440629,-0.2305983715515037,1
-0.2317842734354605,-0.2216008845405596,2
-0.2644041866700889,-0.2510483680985935,-1
-0.1896640057418196,-0.1740714183635585,3
-0.224529367795332,-0.2065036723410774,2
-0.2255457415395004,-0.2096614843923575,2
-0.2218944384385653,-0.2095980255975764,2
-0.2370202890396189,-0.2262523222083228,1
-0.2501485924174736,-0.2357778260753089,1
-0.1919017042927549,-0.1919759974329232,-1
-0.1437235092360685,-0.1517128110514254,-1
-0.227606305743494,-0.2224089989518359,2
-0.2323180641392671,-0.2211523185035598,2
-0.2647737946592621,-0.2513054015286849,-1
-0.1888387352804375,-0.1730840179990073,3
-0.2220404425389155,-0.204426939286113,2
-0.2299474007981427,-0.2133189873891399,2
-0.2155984186006218,-0.2051457156223256,2
-0.2321336558545407,-0.2259964133628773,2
-0.2537293368451042,-0.2392776216033873,1
-0.1709503726664856,-0.1755738648003769,-1
-0.1500170516250982,-0.1575191374837849,-1
-0.2216778914736796,-0.2190239145170644,2
-0.2276931548446279,-0.2167529906290376,2
-0.2630913521751116,-0.2503445741207137,-1
-0.1885711510533424,-0.1727959809946973,3
-0.2226584141187004,-0.2047856894312792,2
-0.2316832617690826,-0.2158848546993128,2
-0.207907649347409,-0.1985270886062296,-1
-0.2237401612538334,-0.2205832303190562,2
-0.245382845124735,-0.2316818240100377,1
-0.158047105183238,-0.1651648272121701,-1
-0.1404313475206672,-0.1485422548678544,-1
-0.2282381837170125,-0.2234321607621806,2
-0.2205390875970959,-0.2103247022218327,2
-0.2652147234441667,-0.2518167069382698,-1
-0.1886253903360743,-0.1728378043250087,3
-0.2239360592844549,-0.2059396717799775,2
-0.2333250431772238,-0.2174521662192902,2
-0.2332292969290242,-0.218223614445806,2
-0.2215951933281689,-0.218957544066744,2
-0.2471194138115004,-0.2342961400457779,1
-0.161178898231341,-0.1686756227511462,-1
-0.1444402550335183,-0.1520152178067745,-1
-0.2274443465678609,-0.2225059128255769,2
-0.217589871849804,-0.2076902950087824,2
-0.2656239946284755,-0.2520887455615208,-1
-0.1859791291009774,-0.1704345444521688,3
-0.225783102827679,-0.2075793393191491,2
-0.2319328920291918,-0.2150771840267137,2
-0.2501439795104879,-0.2323194014780747,1
-0.2187327077970604,-0.2167599069268032,2
-0.2550452445621184,-0.2420205009469064,1
-0.183261423602214,-0.1873993334631483,3
-0.1465228262002834,-0.1540914739018262,-1
-0.2307394677607631,-0.2236331796021659,2
-0.2129152524732802,-0.2024044822658743,2
-0.2666130914582659,-0.2522112071076175,-1
0.1445065939731558,-0.1412352754352751,-1
0.1854988773988097,-0.1755552608838241,-1
0.1944145716053644,-0.1904476450715512,-1
0.2041208081606928,-0.2046913212627705,-1
0.2200421172542576,-0.2240610209375549,-1
0.204367983997936,-0.1998614560503522,-1
0.1782058881934539,-0.1909364140722469,-1
0.1742697005589754,-0.1821099999946239,-1
0.2114850838307442,-0.2134455675614971,-1
0.2035048423035572,-0.2005541955621308,-1
0.2282281047500359,-0.2321533383577131,-1
0.1439167014532594,-0.1402647175210507,-1
0.1825789713609825,-0.1732977633197157,-1
0.1940402223471741,-0.1873506926100681,-1
0.2054417392848316,-0.207740235597554,-1
0.223892072424424,-0.2287024720032653,-1
0.2131652266324992,-0.2124423130414926,-1
0.1743687754991358,-0.1879382278557936,-1
0.1807948521188947,-0.1886049594383446,-1
0.2165712187108689,-0.2158214206505243,-1
0.2041462571025214,-0.2023182944549907,-1
0.2301349932814676,-0.2325657875906741,-1
0.143279845968397,-0.1390259307180358,-1
0.183429177811591,-0.1766707653141945,-1
0.1909445423514731,-0.1838043676063493,-1
0.2062540726776869,-0.2077548647585722,-1
0.2185479884089298,-0.2217390490780929,-1
0.2236266581297753,-0.2215177992600951,-1
0.180973397605677,-0.1929745232582064,-1
0.1834973660597769,-0.1916001936592804,-1
0.2191735962385317,-0.2222623929236859,-1
0.195715346494212,-0.1948290424354448,-1
0.2350521234908675,-0.2356488462158414,-1
0.1463674705126178,-0.1420554505994966,-1
0.185294733972305,-0.1799839704478411,-1
0.1834881072917054,-0.1784970504766375,-1
0.2033103519416931,-0.2034826309004732,-1
0.2187028135845187,-0.2219501156156212,-1
0.2339091563172201,-0.2288809667172311,-1
0.1873225821668352,-0.194616244946057,-1
0.181505729803922,-0.1899807818111518,-1
0.2207620361455827,-0.2237491375560273,-1
0.1912936927104727,-0.190549667390848,-1
0.2349808700518361,-0.2340961469791182,-1
0.1457527140599853,-0.1389653174881338,-1
0.1887847400154271,-0.1800147640611571,-1
0.1810939119100096,-0.1794554155215417,-1
0.2019717824845446,-0.2031258214663298,-1
0.2229561996897525,-0.2244093923211104,-1
0.2354218000965596,-0.2316034978320698,-1
0.2124230254105829,-0.213006858145458,-1
0.1817218602186813,-0.1906341378338347,-1
0.2201950380918577,-0.2213946809799278,-1
0.1891665314548943,-0.1883157075862472,-1
0.23303028042617,-0.2312424987444312,-1
0.1434322348229054,-0.1356948699958039,-1
0.1877534762701357,-0.1749611732810237,-1
0.1887736005033486,-0.1845476011813582,-1
0.2081089858167265,-0.20864181312558,-1
0.2268701698196953,-0.2293562961028302,-1
0.2351386215783175,-0.2332707105866362,-1
0.2175195798297123,-0.2205485415038082,-1
0.180831033924591,-0.1899589554790312,-1
0.2225575510602357,-0.2233724967402415,-1
0.174876072671354,-0.176843300453009,-1
0.2320838435123922,-0.2326286592423459,-1
0.1590033694959395,-0.1584573472214401,-1
0.1676718921678328,-0.1671986314653809,-1
0.1920201837602968,-0.2026433158907143,-1
0.202836844272361,-0.2135072216781048,-1
0.2048819856091003,-0.238660624239827,-1
0.2173996484687438,-0.2472756373635093,-1
0.2018815228287386,-0.2294724890067102,-1
0.1701369882326804,-0.1945452180789559,-1
0.1521377644973632,-0.1856354989516457,-1
0.176295906889486,-0.1896323850241937,-1
0.1922205618889989,-0.2323228212048499,-1
0.1547421367743563,-0.1519509293937873,-1
0.1677932305728381,-0.1717190652525624,-1
0.1935382767024323,-0.202257358328155,-1
0.2060053471846631,-0.220428656161956,-1
0.20129344375091,-0.2348483878352513,4
0.2117135958941551,-0.2445114903058653,-1
0.2020845999813953,-0.2268641571701931,-1
0.1604418066890583,-0.1862375396144091,-1
0.156429481333,-0.1940986216252558,-1
0.1706871772753904,-0.1842830366818078,-1
0.192604560914616,-0.2340443580549904,4
0.1553668780714893,-0.1505453879252546,-1
0.1612783930834535,-0.1666052021861138,-1
0.191567643341739,-0.1953278327220541,-1
0.209908102253929,-0.2245672593856406,-1
0.2024282893488136,-0.2329113745132117,4
0.207043838792922,-0.2428386240963276,-1
0.1983902067031571,-0.2238396166108506,-1
0.1613565235986335,-0.1913793617977641,-1
0.1568683439852674,-0.1949852480921549,-1
0.1609690465114973,-0.1780609939903165,-1
0.1962610768182214,-0.2380252029670629,4
0.1611030274664568,-0.1544599429108512,-1
0.1617095410723359,-0.1699590210596244,-1
0.1885122126011931,-0.1881523863736286,-1
0.2079459049139503,-0.2182133354525608,-1
0.2023214477291286,-0.2309893072583889,-1
0.2036667599157742,-0.2430456731095576,4
0.1993872936141734,-0.2256178705545497,-1
0.1613037071728875,-0.1933332714258096,-1
0.170269936475287,-0.2107110523262065,-1
0.1684359185458784,-0.1810719792282714,-1
0.1945211369645583,-0.2369037606086098,4
0.1643568870884077,-0.1586089505923105,-1
0.1626276768714248,-0.1721701157558016,-1
0.1854507825792095,-0.1838073069225081,-1
0.2097575674577455,-0.2218692477977221,-1
0.1986463346384966,-0.2297409213314222,4
0.2015085526585202,-0.240052065136675,4
0.2039403520969637,-0.2279185786632044,-1
0.1573514265147248,-0.1885087932998624,-1
0.1729033277538315,-0.2122395429715543,-1
0.1723400594589954,-0.1826401492744689,-1
0.1908514846452016,-0.2335320809378801,4
0.1655890876018912,-0.1607985992160732,-1
0.1661564547576792,-0.178145515185933,-1
0.1832071505134627,-0.1828999137381771,-1
0.2134114407871181,-0.2252359757807252,-1
0.1969614164462774,-0.2294536013456972,4
0.201635785138707,-0.2381315629213918,4
0.2111364159028166,-0.2367863493898118,-1
0.1615510256606929,-0.1947028044181745,-1
0.1729173073311566,-0.2061977675317579,-1
0.1579952721597597,-0.1694938450632905,-1
0.1921081261825712,-0.234466133806197,4
0.1514293728088885,-0.1418691025568488,-1
0.1881336822300726,-0.1806581105054227,-1
0.1890503538442493,-0.1809438051570835,-1
0.2113286040311094,-0.2007965004528356,-1
0.1956481382264342,-0.1999430538954899,-1
0.2177846876152988,-0.2108119820892074,-1
0.1467621100184106,-0.1623722739277372,-1
0.1628479414591297,-0.1635916788408721,-1
0.1879128178706899,-0.1789491735279705,-1
0.1903785961022611,-0.1723518189852795,-1
0.2188892690690864,-0.2124608314335157,-1
0.1586049097750916,-0.1461958207910607,-1
0.1889659989511933,-0.1813447560921519,-1
0.1855957171144085,-0.1751471261878204,-1
0.2081810859497022,-0.2007423288358778,-1
0.1896378598321947,-0.1956169373675283,-1
0.2184973234545321,-0.2083985837824234,-1
0.1399242823168923,-0.1557879349531266,-1
0.1760953710167739,-0.1722918778362984,-1
0.1877659933161877,-0.1799608598471741,-1
0.1861555720220387,-0.1687047143775262,-1
0.2248779149235279,-0.2117732659082057,-1
0.1596172639539743,-0.1454991939589492,-1
0.1906221645334907,-0.181001463501075,-1
0.1852325091259943,-0.1748911214275745,-1
0.207124620566497,-0.200417100645943,-1
0.187949970991767,-0.1937147673302044,-1
0.219399296547177,-0.211023911832326,-1
0.1464048097901917,-0.1612687641422407,-1
0.1740401386881168,-0.1660214868723478,-1
0.1983674510747855,-0.1862389328002094,-1
0.1739590225543997,-0.159711899380759,-1
0.2261238312789567,-0.206424513940753,-1
0.1551843605751149,-0.1403838339521169,-1
0.1956639014311734,-0.1820250540313156,-1
0.184942882537738,-0.1787666850468906,-1
0.2105235577982493,-0.201577016219064,-1
0.1844605986298251,-0.1920551874943871,-1
0.2206536295229999,-0.2103803738608237,-1
0.1702999604177581,-0.1811631052574636,-1
0.1719979286393034,-0.1613885911813174,-1
0.2071295873862061,-0.1887196617541564,-1
0.1751313518454745,-0.160739924901945,-1
0.2291986102028621,-0.2089155389702255,-1
0.1469077478761125,-0.1324781766036039,-1
0.1974633448412773,-0.18019831355383,-1
0.1798117853606685,-0.174104107447409,-1
0.213405855838203,-0.2047590848598228,-1
0.1829292959067883,-0.1922266976329701,-1
0.2251142360618623,-0.20897084374105,-1
0.1916195149068773,-0.1960943852878637,-1
0.1702484948391069,-0.1582345292439194,-1
0.2109824177568661,-0.1910105973912919,-1
0.1719308719489841,-0.1573707608476608,-1
0.2314427957309923,-0.2124575862714121,-1
0.1418502417317113,-0.1270968261473692,-1
0.2004879773504146,-0.1829359364084645,-1
0.1878975730340215,-0.1759249384542911,-1
0.2148017119218435,-0.2051467649091746,-1
0.1830414601255127,-0.1926652003905865,-1
0.2195233427503938,-0.2003645948964089,-1
0.2023253127395764,-0.2051754669791474,-1
0.1754281841196383,-0.1657372588658384,-1
0.2119813432156624,-0.1922646888295962,-1
0.1736083312870543,-0.1586097535271203,-1
0.2309544143069799,-0.2150048631823835,-1
0.1468548918373388,-0.1283570976568713,-1
0.1705300746382096,-0.138676780752227,-1
0.1920757183957906,-0.16299062889617,-1
0.2281990223501989,-0.2096310811623843,-1
0.1890762009514548,-0.1706721857623138,-1
0.2171890708360377,-0.1946404573288826,-1
0.2013393597764581,-0.1770761939179577,-1
0.1762825107341802,-0.1529792845278329,-1
0.2017827257000428,-0.169870173556267,-1
0.1985505933854536,-0.1664262515517827,-1
0.2294597874868488,-0.1972979358746827,-1
0.1424315454705882,-0.1264966892475463,-1
0.1663649205823124,-0.136887944914788,-1
0.1917859978331858,-0.1627616048076435,-1
0.2318619291974571,-0.2123092558004617,-1
0.184397599624496,-0.1689666136422426,-1
0.225476192027026,-0.2032958184865982,-1
0.2019403276578775,-0.1760700158737697,-1
0.1712559188618964,-0.1453968437058948,-1
0.2017361699454263,-0.1667917506802107,-1
0.1950509529134736,-0.1652459296467343,-1
0.2315191024699398,-0.197193279119371,-1
0.1360999704523079,-0.1229493598664514,-1
0.1624183848440344,-0.1314806784559078,-1
0.1902141220304193,-0.16057399272827,-1
0.2294263397757971,-0.2077174970093186,-1
0.1887773540613399,-0.1715418720840771,-1
0.2315265981245715,-0.209514703175727,-1
0.2121030325893191,-0.1871595518163787,-1
0.1843808884540296,-0.1561102500176175,-1
0.2099137697602201,-0.1755621495790272,-1
0.1835575285251816,-0.1518040635795222,-1
0.238150568849265,-0.2032302165507803,-1
0.1316135870481959,-0.1200092349042218,-1
0.1705335808545056,-0.1379760712678311,-1
0.2047397876816026,-0.1739910052702911,-1
0.2275733365543469,-0.2043407186887035,-1
0.2099963898912974,-0.1895108312541807,-1
0.2265205466619617,-0.2022166114350107,-1
0.207348215292846,-0.1805483870799466,-1
0.1830939372853382,-0.1537091776324966,-1
0.2095641060571988,-0.1757019203904812,-1
0.1899360455966035,-0.1626310516697311,-1
0.2385991225527598,-0.2063482469804584,-1
0.1283100535590364,-0.1170627887896496,-1
0.1749865897269124,-0.1421520540134546,-1
0.2121177169642543,-0.1831597646168516,-1
0.2229003749898498,-0.2014758905971831,-1
0.2211343367613548,-0.1962199040981082,-1
0.2234969317863649,-0.1939497467182014,-1
0.2135061665542081,-0.1855377649914414,-1
0.1882893547539663,-0.1608300067343131,-1
0.2039666179586842,-0.1706946071134403,-1
0.175622022188399,-0.1455076304720561,-1
0.2310541228444057,-0.2031059480453134,-1
0.1300111115927216,-0.1179574215579778,-1
0.1783503468752454,-0.1470177747509134,-1
0.2117010403681319,-0.1825919342126525,-1
0.2091678758237344,-0.1946890825037533,-1
0.2098989529963952,-0.1862695348667594,-1
0.2262880357082616,-0.1963670760091606,-1
0.2146113379095599,-0.1872853569913967,-1
0.1903857952610863,-0.1654093486031368,-1
0.2019112095282144,-0.1662731856919208,-1
0.1803839163357239,-0.1494458913559638,-1
0.2202797603170681,-0.1946008261301437,-1
-0.1033089757758595,0.1447662521000116,-1
-0.1419784545594465,0.214427034242481,-1
-0.1540660914303393,0.2397782040865086,-1
-0.1374039381198195,0.2158538063345542,-1
-0.1575997867276317,0.2338879798015092,-1
-0.1643093674981453,0.2389792677118469,-1
-0.109821708033833,0.1752722557810063,-1
-0.1180818613467761,0.1786654150768553,-1
-0.113375367809985,0.1853743628312163,-1
-0.0815173086388698,0.1527869645111211,-1
-0.161822915771039,0.2335431483540225,-1
-0.0968592315902545,0.1338611657851845,-1
-0.1504933858581146,0.2202874163343677,-1
-0.1499144640029527,0.2359972961083194,-1
-0.1477048134307892,0.2259113422417508,-1
-0.1553169669380645,0.2307996349763668,-1
-0.1702276467830996,0.247397366746008,-1
-0.107166841538485,0.1715710190601482,-1
-0.1142489486224567,0.1757579626280226,-1
-0.1281535455182944,0.2054436890811159,-1
-0.0736551220197693,0.1425377414657432,-1
-0.16287092738649,0.2367620501388478,-1
-0.1045154071557354,0.1480783029487786,-1
-0.1461972473254223,0.2057075524096852,-1
-0.1502168522927601,0.2366976446975578,-1
-0.1527885038648038,0.2282331858056003,-1
-0.1584865153909346,0.2332933491243646,-1
-0.1711339980094595,0.2496559347554149,-1
-0.0993198893030385,0.1614833434558917,-1
-0.1131822660803043,0.1772528039910668,-1
-0.1183077895429848,0.1932663963765513,-1
-0.0750850615762698,0.1442401682424079,-1
-0.1632982748352413,0.2405791048610426,-1
-0.1039108509063095,0.15678784635345,-1
-0.1364173742873706,0.1895242422273895,-1
-0.1593834657743387,0.2450568736078783,-1
-0.1559642247364729,0.2329326404929346,-1
-0.1581167026070933,0.2347887620553468,-1
-0.167851049151048,0.2452589146475385,-1
-0.090998387344453,0.151296984205478,-1
-0.1071231281103719,0.1724643107327869,-1
-0.1256920105129995,0.1983586926884269,-1
-0.0685729103867178,0.1351463886854725,-1
-0.1710954075422631,0.256064749430147,-1
-0.1089842734007841,0.1736998140096568,-1
-0.1428429132545318,0.1985372627227719,-1
-0.1633307258247014,0.2364463569124266,-1
-0.1583930057544788,0.2393963245737657,-1
-0.157391345707386,0.2370516096047975,-1
-0.1686420183082047,0.2508777241133035,-1
-0.0970665215289597,0.1574644338812625,-1
-0.1075813350516895,0.173811294173306,-1
-0.1404823626763074,0.2167949915814206,-1
-0.0623158048412705,0.1256693721162988,-1
-0.1717288848770501,0.2612021393112491,-1
-0.1158130115277457,0.1830581180501202,-1
-0.1520277105990153,0.2131860267817712,-1
-0.1509431037259386,0.2147359776494905,-1
-0.1574201692040144,0.243856060962322,-1
-0.1611814547707671,0.2384544239397851,-1
-0.1694784714793257,0.250760743176587,-1
-0.1110084131031674,0.1732919499284176,-1
-0.1103552339451009,0.1758580999014218,-1
-0.1517242786069762,0.2326805581764064,-1
-0.0615113108582347,0.125038080925277,-1
-0.1620765592334761,0.2475754556513166,-1
-0.1784593383498781,0.2947075946696024,5
-0.2126260257094172,0.3599506223138466,5
-0.2160426590253464,0.3551130598573122,5
-0.2243333844861431,0.3691137557455264,5
-0.2155430407525638,0.3706223098135243,5
-0.2317364322893774,0.3903095234391714,5
-0.2316923233122777,0.3901896751279081,5
-0.1881628941451691,0.3156782137806412,5
-0.2288848330883942,0.383041232690168,5
-0.184671892446057,0.312439650845048,5
-0.2405343238996342,0.4112237191278778,5
-0.1720784658094495,0.2835840649290638,5
-0.2173830460884585,0.3641218742350915,5
-0.2145898378352544,0.3511039236889953,5
-0.2182279297683293,0.3590034402552893,5
-0.2218293704433312,0.3770780032170022,5
-0.2252713016509538,0.3814161355552256,5
-0.2320526480238318,0.3941858988642878,5
-0.1974775418628971,0.3279775633831856,5
-0.2227013077754315,0.3774787035853446,5
-0.1857708416819736,0.3108401103561944,5
-0.2423420556421252,0.4133181751326658,5
-0.1718516113517677,0.2831207367202706,5
-0.2183399681859348,0.3667565848690515,5
-0.2172162529900677,0.3537276337294983,5
-0.2192746587629033,0.3570078571445831,5
-0.2162886114272835,0.3682373876088692,5
-0.2280237188198562,0.3846429754301331,5
-0.2219172104601785,0.3851265156997678,5
-0.1986695158042631,0.3320114073801464,5
-0.2146422378326319,0.3686747609730529,5
-0.1839494460443822,0.3093054874503823,5
-0.2417493664805701,0.4139632663720859,5
-0.1700694923218637,0.2804119687594949,5
-0.2180495768061644,0.3699042039934755,5
-0.2188524168609969,0.3543138111807204,5
-0.2133073951558642,0.3483782210931631,5
-0.2197695775826435,0.3722672922292828,5
-0.2376354182605598,0.3989340863972883,5
-0.2205208415496861,0.3830305445594962,5
-0.1989151411979077,0.3324811259545602,5
-0.2158876360409019,0.3717224213136452,5
-0.1819002853696101,0.310135145915196,5
-0.2405095552261747,0.4121820921207876,5
-0.1708022939573019,0.2814174114332114,5
-0.2073293403657132,0.3590039617921928,5
-0.2176450276476551,0.3520169891839462,5
-0.2130749026457843,0.3498845098452798,5
-0.2306702254560446,0.3889084419324625,5
-0.2445719894312701,0.4106739928059901,5
-0.2217067252356286,0.3864060993038777,5
-0.1937345340335335,0.3220477500847976,5
-0.1986951760686464,0.3526767803211664,5
-0.1755200951529202,0.3040018522579508,5
-0.2353496072444993,0.4085834178764644,5
-0.1694642684581012,0.2807051150277784,5
-0.1974884377397136,0.3505652096820061,5
-0.2216318292068684,0.3579886419514366,5
-0.2253937710536283,0.3692925294210357,5
-0.2380977338124401,0.3978928256144137,5
-0.2424397498797063,0.4157975645993811,5
-0.2212878971442715,0.3846844775044573,5
-0.1904234905351166,0.3206965214659151,5
-0.1817860618848262,0.3284262825692755,5
-0.1775505119277667,0.3072348226045988,5
-0.2330279835031318,0.4057567601290963,5
-0.1461726980529512,0.2396700513165092,-1
-0.1867432364581869,0.2925008622888793,5
-0.1902544483850604,0.3209369556624381,5
-0.1979108572116276,0.3238431064217577,5
-0.2046537499008851,0.3263662538564727,5
-0.1904622771850616,0.3125955926161942,5
-0.1879784576124036,0.3023137868966947,5
-0.1469086496788839,0.2380428307341825,-1
-0.1897834712373011,0.3099855807213424,5
-0.1790651741281705,0.2883368630458214,5
-0.1793132318548658,0.3098701746490596,5
-0.1399327621156513,0.2312129456883672,-1
-0.1816768085650887,0.2854155582935109,5
-0.1900173357338859,0.3207599712085947,5
-0.1918743324350116,0.3147969721982637,5
-0.2071296769970316,0.3318202516923845,5
-0.1887243379330571,0.307305809104426,5
-0.1853505592412682,0.2941740297835474,5
-0.1538591519720307,0.2486229554386506,-1
-0.1880304947794424,0.3146878596394377,5
-0.1813822551092816,0.2992500452020193,5
-0.1881725711589354,0.3197942033972094,5
-0.1349877663010677,0.2177033311948802,-1
-0.184473968544722,0.2885498113667769,5
-0.1912422477991022,0.3217176324506233,5
-0.1906424359386264,0.3118214955190062,5
-0.2043004335339563,0.3252610327420256,5
-0.1843468890615598,0.300890167081267,5
-0.1792262917966641,0.2851808717529953,5
-0.1635482675078504,0.2644295136517292,-1
-0.1921622291801238,0.3245785114502592,5
-0.1861225456958957,0.3050218942035539,5
-0.1909048320702409,0.3220774560269566,5
-0.1276785095095871,0.2006050221036027,-1
-0.1888162757142404,0.2943975352315968,5
-0.190226671364309,0.3186073277512491,5
-0.1952589711133736,0.3186826276596708,5
-0.2018060407180182,0.3217358355447954,5
-0.1810328597097973,0.294479273442419,5
-0.172076351764948,0.2729561742688962,5
-0.1544715393661446,0.2506247732718986,-1
-0.1946849155844398,0.3207438891470927,5
-0.1808919698327148,0.2945781802688493,5
-0.200676534841825,0.3339568647082285,5
-0.1254770078501506,0.1978240673205357,-1
-0.1929761831172416,0.2970416948136035,5
-0.1909629947602407,0.3229170585366457,5
-0.1973637299150162,0.3202546839978031,5
-0.1946091787199198,0.3125140982473431,5
-0.1784609242520744,0.2904464501199178,5
-0.1558677393000791,0.2465511032487316,-1
-0.1489911523202679,0.2397462814875055,-1
-0.173427913560072,0.287928514868029,5
-0.1718894771806245,0.2795524559525577,5
-0.2069279877029159,0.3419752576605573,5
-0.1250617775870673,0.1958657956009188,-1
-0.1811123096469018,0.2743474499591908,5
-0.1927941351927498,0.3284640061588805,5
-0.1992272963253251,0.3235259910465302,5
-0.1844956475312167,0.2951000581680413,5
-0.1829810461414606,0.2959835132085274,5
-0.1428214930004949,0.2268199216511703,-1
-0.1547670054274758,0.2475560752650349,-1
-0.1924804896359433,0.3144288199654262,5
-0.1640828609383986,0.2723252190310362,5
-0.205462175198948,0.3380730168103468,5
-0.1636504303037093,0.2722371101783613,5
-0.2107016808682529,0.3595686225843372,5
-0.2046668221008349,0.3549376827223063,5
-0.2168681410644844,0.3712717788017242,5
-0.2288807478425236,0.3758988622595219,5
-0.2283791892930285,0.373376254290873,5
-0.2142713808073159,0.3622059564857663,5
-0.190068506805652,0.3254613938201546,5
-0.1874597317228251,0.3302011957176917,5
-0.1857735940149616,0.3132707757710517,5
-0.2342462345580448,0.4018477939114093,5
-0.1674463943417154,0.2762296862995914,5
-0.2234113823974187,0.3808841710202805,5
-0.2128383804773505,0.3650362672399633,5
-0.2185931996792562,0.3741898993298804,5
-0.2273358102039599,0.3750128493368669,5
-0.2293735152137865,0.3747718905698687,5
-0.217244681842279,0.3657950228871145,5
-0.1885041665282928,0.329498117291193,5
-0.1845885640938113,0.326599406975891,5
-0.1742961941165013,0.294113044915833,5
-0.2326553381014968,0.3986461540878432,5
-0.16460312715008,0.2719780534648507,5
-0.2249068199476703,0.3837697817675609,5
-0.2149034459086876,0.3690253642328254,5
-0.2173128656872801,0.3747141049183534,5
-0.2292782272416436,0.3762020149036414,5
-0.2309153337232863,0.3780166413132556,5
-0.2137095816447856,0.3602121913250777,5
-0.1956154621694483,0.3428429705065609,5
-0.2036202787221855,0.3553322083310934,5
-0.1764805996962872,0.2987262073980173,5
-0.2341346047869428,0.3986159507409903,5
-0.1615745455839833,0.2677048015011819,-1
-0.2255597721673564,0.3833118928877967,5
-0.212471352820182,0.3670996881243883,5
-0.2206839494068284,0.3808353743856277,5
-0.2308413226486417,0.3752361474891014,5
-0.237121103867064,0.3922480809934283,5
-0.2177575271342187,0.3671125828638065,5
-0.1953765038321125,0.3429994588020292,5
-0.2086747006108544,0.3622391401136944,5
-0.1738255012317517,0.2960534403667176,5
-0.2327321126244877,0.399096970713728,5
-0.1677987085524886,0.2752478497849908,5
-0.22390475853764,0.378654698210778,5
-0.2135566824214967,0.3692186514045805,5
-0.2250462122939702,0.38608163228829,5
-0.2306133152030824,0.3730857872369397,5
-0.2368870806565475,0.3987125278958804,5
-0.2191415677546779,0.3704741413917353,5
-0.1923408690334795,0.3376478554797519,5
-0.21235573264218,0.3666582980951361,5
-0.1672433445284796,0.287209700830026,5
-0.2362627970791456,0.4031182162311046,5
-0.1726794767023782,0.2801965829505797,5
-0.2231518458642987,0.377077719236681,5
-0.216127500017225,0.3741570547115745,5
-0.2245299488445419,0.3842387009931196,5
-0.2302393029102353,0.3723159619499178,5
-0.2352605003869158,0.4002656080711223,5
-0.2172695802653745,0.3728846782694525,5
-0.1938542944455185,0.3389383961260951,5
-0.217944158691342,0.3719128090449753,5
-0.1647836246853291,0.2831118507505845,5
-0.2357737770884864,0.4019458237753561,5
0.2050018418469957,0.0972247394302801,6
0.2666532984504066,0.12905138638251,6
0.2939288464067803,0.1492387235885579,6
0.3011098837173586,0.1575782839372592,6
0.2896140927947512,0.1520322327799268,6
0.3167817964763104,0.1671961711899664,6
0.2692683296243741,0.1420267678255583,6
0.2219411817145356,0.1238747621130953,6
0.2697563786461857,0.147271367693908,6
0.2485498354752997,0.1332991631061634,6
0.3264353259961882,0.1745223207011458,6
0.2021240816902264,0.0975954786834057,6
0.2653467119285935,0.1290847265440967,6
0.2847989435382737,0.1426664331305863,6
0.2976530582829174,0.1562792904700481,6
0.2886640809767849,0.1522716600181682,6
0.3151015142058579,0.1690453935660543,6
0.2691928962990517,0.1424903539535964,6
0.2313968233119887,0.1286002003796718,6
0.2862215144364705,0.154569697188332,6
0.2418205637590806,0.1308141917995071,6
0.3278775037586574,0.1741020289251965,6
0.2034134941456824,0.0984491553621332,6
0.26582994919388,0.1298670562187544,6
0.2888674064766354,0.1457819988765757,6
0.2916925978209345,0.1534904026272323,6
0.2872276835351121,0.1508031687698304,6
0.3157417267883069,0.1697103697649469,6
0.2694642082298136,0.1423966190791644,6
0.2509486424381896,0.1380632243831882,6
0.2772130207362857,0.1474928548685143,6
0.2303618371636833,0.125609908744771,6
0.3290054936632337,0.1746628624067467,6
0.2020717357686759,0.0982462815298153,6
0.2687349226265393,0.1323303630963207,6
0.2844603303888282,0.1428982826065485,6
0.2919036182587902,0.1539488924958593,6
0.2728525918624915,0.139790502965254,6
0.3220343967395384,0.172662993119828,6
0.2789143862603763,0.1455098348548673,6
0.2556192695547858,0.1398282217039685,6
0.2639503347281471,0.1423304088158177,6
0.2226598448576686,0.1212094803968244,6
0.3291659354264122,0.176118183718945,6
0.1983514243831085,0.0972951354392849,6
0.269320516694516,0.1312319826907647,6
0.2865844060689757,0.1430190974244271,6
0.2930612028717138,0.1549283298197186,6
0.2593987879703952,0.1309470699513228,6
0.3302818799769424,0.1741969724913928,6
0.2788652086172909,0.1447321993807592,6
0.2487851775402315,0.1357771318106419,6
0.255640391209382,0.1435595693968111,6
0.2206297771034076,0.1188342172413301,6
0.3251723348522632,0.1742796152442236,6
0.2014643659342469,0.0984612830100434,6
0.2601660761376337,0.1252041775560294,6
0.2866398360467767,0.1416518258122691,6
0.2996127302654701,0.1559486739372619,6
0.2678054723222846,0.1365237581482858,6
0.3245524340908058,0.1674724489878408,6
0.2785232151290983,0.1449608228996021,6
0.245834118727334,0.1313065035262664,6
0.2594183112192553,0.14451901060161,6
0.2255368268219887,0.1215065867743196,6
0.3181991832921713,0.1711960954122038,6
0.2825229640377474,0.1249653788312209,6
0.3695732281310265,0.1696490338642522,6
0.3540603796294443,0.1656544927983319,6
0.3683269650283156,0.1822488216422215,6
0.3376847259102072,0.1685085733224924,6
0.4007383065589389,0.1921556435820157,6
0.3230396024897228,0.1606782463428852,6
0.3092292611029704,0.1534015908907346,6
0.4083148964616788,0.197321563158508,6
0.3545116220258951,0.1644965061225675,6
0.4058567578437378,0.1897422766031146,6
0.2727428613033186,0.1206761515459414,6
0.3769233855460018,0.174945072330665,6
0.3410950372172728,0.1602217301900164,6
0.3669423960093909,0.1815865570277818,6
0.327843245874425,0.1640627371102125,6
0.4053312806455553,0.1949791239296232,6
0.3214051529260262,0.1596895872064324,6
0.2979700062108104,0.1496528957655773,6
0.4019105805384816,0.1944776284992627,6
0.3413211782609787,0.1584146861627528,6
0.4065953564163213,0.1903573397977974,6
0.273617046470778,0.121410486294943,6
0.3717644437298294,0.1709854863773321,6
0.3453461384518074,0.1613569394858618,6
0.3552225366269155,0.1741808047565355,6
0.3380214196559837,0.1680217943503372,6
0.4092064147786743,0.1974028331455121,6
0.3275159334079756,0.1620493664677058,6
0.2856286822804425,0.1457055650207044,6
0.4063779424725197,0.1961438415291173,6
0.3302218922096657,0.1532015742707498,6
0.4064349241044862,0.1898560495850049,6
0.2862419386878158,0.1281475305812769,6
0.3621155911718843,0.1652538510497878,6
0.3470245804319737,0.1622513298829869,6
0.3477513541908138,0.1705066745451671,6
0.3493750539282203,0.1746021035303976,6
0.4119395054743191,0.1998115627809725,6
0.3363478276393018,0.1668380796926914,6
0.2866132105885806,0.145279025461062,6
0.4116991160975545,0.1977483299555138,6
0.3220093802129108,0.149374750287521,6
0.4077947284347481,0.19116399478632,6
0.2845691362741525,0.1278135036569965,6
0.3700483076581871,0.1684831939957663,6
0.3383008879882231,0.1610788207487716,6
0.3577511623694793,0.1771979197153306,6
0.3433346732062272,0.1704429784213543,6
0.4142510000862874,0.1990949636830624,6
0.3477290630091979,0.1700536964159798,6
0.2953092103745417,0.1487716236438089,6
0.4055948797849413,0.192658273446355,6
0.3267639140083571,0.1516933855424645,6
0.4030262832350325,0.1882179665786819,6
0.2849169319195984,0.1272481170740039,6
0.373316374832815,0.1702116967582491,6
0.3593969606746943,0.1714016148266114,6
0.3731579127872246,0.1840287068147674,6
0.3414076210305992,0.1694536680775588,6
0.4120077976280424,0.1941693958194168,6
0.353356136626865,0.1688337897279165,6
0.3105882116491151,0.1543921122996532,6
0.3965234155615732,0.1871803222895072,6
0.3367109102591967,0.1565990048131464,6
0.3924978124103475,0.1816776605862081,6
0.2633259510227827,0.1211038063112524,6
0.3163727645919555,0.1492116179494474,6
0.3335740997943395,0.1599977939878309,6
0.307183194560141,0.1517197370288296,6
0.3287264860777378,0.1662659515618421,6
0.336973081881444,0.1677474664622362,6
0.3160235977701308,0.164606542336701,6
0.2570877949651125,0.136371144968079,6
0.2868958039774862,0.1477927924997948,6
0.2947920103743901,0.1463311604690597,6
0.3577602967684427,0.1738707978186386,6
0.2672105517149646,0.1219447541434694,6
0.3097133919853519,0.1468338567971533,6
0.3328217446207651,0.1600111111361587,6
0.3050977760627565,0.153790174446783,6
0.3305456315778143,0.1682511594439058,6
0.3387424472784165,0.1688468243812889,6
0.3026594483722732,0.1576915016119582,6
0.2540498010902176,0.1352277580881631,6
0.2868312148196288,0.1490646484765073,6
0.2898049812209546,0.1437078914135862,6
0.3581848472572681,0.1740023750736295,6
0.2656041928037381,0.1209437882503881,6
0.3102643816304395,0.1486250732018164,6
0.3227978154523764,0.1552591737429557,6
0.315893702247073,0.1596399863183307,6
0.3227789162395149,0.1651466013635689,6
0.3437285488380648,0.1704646385202702,6
0.2977015897041408,0.1561359934184155,6
0.2462229872742968,0.1312586570762521,6
0.2897034941514533,0.1503214555404148,6
0.2926717657922295,0.1434802281838628,6
0.3500341582001122,0.1684386256291589,6
0.2601923409755072,0.1181317875149125,6
0.3052169174558544,0.1476128703126924,6
0.319135538341497,0.1541799705238702,6
0.3246613188235996,0.162718071009995,6
0.3311654797632366,0.1685560052603305,6
0.3456253202637794,0.1707266995531401,6
0.3000510066025393,0.1573004600221381,6
0.2454476193791261,0.1314417573250758,6
0.2918795626529066,0.1504603883409903,6
0.2890251671228324,0.1416582400744229,6
0.3461860443278374,0.1671596933503376,6
0.2511369091898215,0.1133091695460868,6
0.3026393466283274,0.1456801558050386,6
0.3233381760185463,0.1561741081962125,6
0.3273471710268482,0.1625095236657608,6
0.332097470335949,0.1680223357635762,6
0.3483597027308913,0.1725146267124426,6
0.3074612282920965,0.1603196827837766,6
0.2434198105833293,0.1290202056090691,6
0.2943093953826997,0.1524086120654797,6
0.2854641527241081,0.1402808860465334,6
0.3590462681844915,0.1753792449680448,6
0.2512688267468809,0.1131920431668008,6
0.3031507338870901,0.1451418735127119,6
0.328114991857305,0.156326278867329,6
0.324846883909729,0.1600398833387541,6
0.3327169913225138,0.1675698294801346,6
0.3491256064515464,0.1723451642862358,6
0.3052988867507642,0.1576610876166028,6
0.2478006502672542,0.1295981004308513,6
0.3067480662087893,0.1585031092083036,6
0.280336992374176,0.1377010047245786,6
0.3620038008505011,0.1781127569110683,6
