k,distance_func,voting_func,weighting_func,f1_0,f1_1,f1_2,f1_3,f1_4,f1_5,f1_6,f1_7,f1_8,f1_9,train_time_0,train_time_1,train_time_2,train_time_3,train_time_4,train_time_5,train_time_6,train_time_7,train_time_8,train_time_9,test_time_0,test_time_1,test_time_2,test_time_3,test_time_4,test_time_5,test_time_6,test_time_7,test_time_8,test_time_9
1,ManhattanDistance,MajorityClassVote,EqualWeighting,0.7692307692307693,1.0,1.0,1.0,0.9230769230769231,1.0,1.0,1.0,1.0,1.0,0.0003528594970703125,0.00012803077697753906,0.000102996826171875,9.584426879882812e-05,8.58306884765625e-05,8.511543273925781e-05,9.179115295410156e-05,8.487701416015625e-05,8.96453857421875e-05,8.606910705566406e-05,0.008059024810791016,0.008211851119995117,0.007585048675537109,0.006390094757080078,0.007215261459350586,0.007236003875732422,0.00687098503112793,0.006790876388549805,0.00631403923034668,0.006851911544799805
1,ManhattanDistance,MajorityClassVote,InformationGainWeighting,0.8666666666666667,0.9032258064516129,0.896551724137931,0.88,0.896551724137931,0.896551724137931,0.8461538461538461,0.8888888888888888,0.88,0.8888888888888888,8.7738037109375e-05,8.606910705566406e-05,8.821487426757812e-05,8.296966552734375e-05,8.296966552734375e-05,8.296966552734375e-05,8.392333984375e-05,8.296966552734375e-05,8.416175842285156e-05,8.296966552734375e-05,0.007585048675537109,0.007637977600097656,0.00723576545715332,0.006270885467529297,0.0071201324462890625,0.007232189178466797,0.006762027740478516,0.00672602653503418,0.006215810775756836,0.006776094436645508
1,ManhattanDistance,MajorityClassVote,ReliefFWeighting,0.7407407407407407,1.0,1.0,1.0,0.9230769230769231,1.0,1.0,1.0,1.0,1.0,8.893013000488281e-05,8.606910705566406e-05,8.487701416015625e-05,8.296966552734375e-05,8.273124694824219e-05,8.320808410644531e-05,8.20159912109375e-05,8.296966552734375e-05,8.320808410644531e-05,8.296966552734375e-05,0.0076029300689697266,0.007689952850341797,0.007270097732543945,0.0062792301177978516,0.007188081741333008,0.007233142852783203,0.006822824478149414,0.006706953048706055,0.006197929382324219,0.006799936294555664
1,ManhattanDistance,InverseDistanceWeightedVote,EqualWeighting,0.7692307692307693,1.0,1.0,1.0,0.9230769230769231,1.0,1.0,1.0,1.0,1.0,8.392333984375e-05,8.487701416015625e-05,8.392333984375e-05,8.320808410644531e-05,8.296966552734375e-05,8.225440979003906e-05,8.296966552734375e-05,8.20159912109375e-05,8.20159912109375e-05,8.320808410644531e-05,0.007537841796875,0.007663249969482422,0.007227897644042969,0.0062618255615234375,0.007135868072509766,0.0072138309478759766,0.006825923919677734,0.006727933883666992,0.006237983703613281,0.006804943084716797
1,ManhattanDistance,InverseDistanceWeightedVote,InformationGainWeighting,0.8666666666666667,0.9032258064516129,0.896551724137931,0.88,0.896551724137931,0.896551724137931,0.8461538461538461,0.8888888888888888,0.88,0.8888888888888888,8.392333984375e-05,8.511543273925781e-05,8.440017700195312e-05,8.225440979003906e-05,8.20159912109375e-05,8.20159912109375e-05,8.20159912109375e-05,8.106231689453125e-05,8.20159912109375e-05,8.296966552734375e-05,0.0075342655181884766,0.007660627365112305,0.007196903228759766,0.006251096725463867,0.0071489810943603516,0.007192134857177734,0.00675201416015625,0.006707191467285156,0.006226062774658203,0.006804227828979492
1,ManhattanDistance,InverseDistanceWeightedVote,ReliefFWeighting,0.7407407407407407,1.0,1.0,1.0,0.9230769230769231,1.0,1.0,1.0,1.0,1.0,8.392333984375e-05,8.606910705566406e-05,8.392333984375e-05,8.296966552734375e-05,8.320808410644531e-05,8.296966552734375e-05,8.273124694824219e-05,8.296966552734375e-05,8.20159912109375e-05,8.296966552734375e-05,0.007596015930175781,0.007669925689697266,0.007230043411254883,0.00625920295715332,0.007180929183959961,0.0071828365325927734,0.006821870803833008,0.0067920684814453125,0.006248950958251953,0.006804227828979492
1,ManhattanDistance,ShepardsWorkVote,EqualWeighting,0.7692307692307693,1.0,1.0,1.0,0.9230769230769231,1.0,1.0,1.0,1.0,1.0,8.225440979003906e-05,8.606910705566406e-05,8.511543273925781e-05,8.296966552734375e-05,8.296966552734375e-05,8.296966552734375e-05,8.296966552734375e-05,8.296966552734375e-05,8.20159912109375e-05,8.296966552734375e-05,0.007623910903930664,0.0076978206634521484,0.007229804992675781,0.00628209114074707,0.0071468353271484375,0.007219076156616211,0.0068280696868896484,0.00670623779296875,0.006239891052246094,0.006849050521850586
1,ManhattanDistance,ShepardsWorkVote,InformationGainWeighting,0.8666666666666667,0.9032258064516129,0.896551724137931,0.88,0.896551724137931,0.896551724137931,0.8461538461538461,0.8888888888888888,0.88,0.8888888888888888,8.20159912109375e-05,8.511543273925781e-05,8.296966552734375e-05,0.00010395050048828125,8.916854858398438e-05,9.989738464355469e-05,8.487701416015625e-05,8.392333984375e-05,8.296966552734375e-05,8.416175842285156e-05,0.0075588226318359375,0.007617950439453125,0.0073168277740478516,0.006291866302490234,0.007140159606933594,0.007184028625488281,0.006766080856323242,0.0067310333251953125,0.006213188171386719,0.006811857223510742
1,ManhattanDistance,ShepardsWorkVote,ReliefFWeighting,0.7407407407407407,1.0,1.0,1.0,0.9230769230769231,1.0,1.0,1.0,1.0,1.0,8.797645568847656e-05,8.487701416015625e-05,8.511543273925781e-05,8.296966552734375e-05,8.296966552734375e-05,8.416175842285156e-05,8.296966552734375e-05,8.20159912109375e-05,8.273124694824219e-05,8.296966552734375e-05,0.007613182067871094,0.007718086242675781,0.007200002670288086,0.0062940120697021484,0.007200956344604492,0.007237911224365234,0.006821155548095703,0.006724119186401367,0.0062100887298583984,0.0068111419677734375
1,EuclideanDistance,MajorityClassVote,EqualWeighting,0.7692307692307693,1.0,1.0,1.0,0.9230769230769231,1.0,1.0,1.0,1.0,1.0,8.511543273925781e-05,8.58306884765625e-05,8.511543273925781e-05,8.440017700195312e-05,8.296966552734375e-05,8.320808410644531e-05,8.296966552734375e-05,0.00010013580322265625,8.296966552734375e-05,8.296966552734375e-05,0.010074138641357422,0.010125160217285156,0.009557723999023438,0.008249759674072266,0.00948786735534668,0.009573698043823242,0.009037971496582031,0.008905887603759766,0.008255958557128906,0.009011030197143555
1,EuclideanDistance,MajorityClassVote,InformationGainWeighting,0.8666666666666667,0.9032258064516129,0.896551724137931,0.88,0.896551724137931,0.896551724137931,0.8461538461538461,0.8888888888888888,0.88,0.8888888888888888,8.392333984375e-05,8.511543273925781e-05,8.392333984375e-05,8.296966552734375e-05,8.177757263183594e-05,8.296966552734375e-05,8.296966552734375e-05,8.20159912109375e-05,8.20159912109375e-05,8.296966552734375e-05,0.010118246078491211,0.010185003280639648,0.009586811065673828,0.008347034454345703,0.00949716567993164,0.009627103805541992,0.009045124053955078,0.008944988250732422,0.008288860321044922,0.009083986282348633
1,EuclideanDistance,MajorityClassVote,ReliefFWeighting,0.7692307692307693,1.0,1.0,1.0,0.9230769230769231,1.0,1.0,1.0,1.0,1.0,8.320808410644531e-05,8.58306884765625e-05,8.416175842285156e-05,8.296966552734375e-05,8.20159912109375e-05,9.202957153320312e-05,8.58306884765625e-05,8.273124694824219e-05,8.320808410644531e-05,8.296966552734375e-05,0.010190725326538086,0.010299921035766602,0.009647130966186523,0.008404016494750977,0.009653806686401367,0.009714841842651367,0.009163141250610352,0.009023189544677734,0.008337736129760742,0.009168148040771484
1,EuclideanDistance,InverseDistanceWeightedVote,EqualWeighting,0.7692307692307693,1.0,1.0,1.0,0.9230769230769231,1.0,1.0,1.0,1.0,1.0,8.487701416015625e-05,8.606910705566406e-05,8.487701416015625e-05,8.416175842285156e-05,8.296966552734375e-05,8.702278137207031e-05,9.012222290039062e-05,8.392333984375e-05,8.225440979003906e-05,8.273124694824219e-05,0.010044097900390625,0.010185003280639648,0.009620428085327148,0.00835871696472168,0.009527921676635742,0.009584188461303711,0.009041786193847656,0.008874893188476562,0.008236169815063477,0.009048938751220703
1,EuclideanDistance,InverseDistanceWeightedVote,InformationGainWeighting,0.8666666666666667,0.9032258064516129,0.896551724137931,0.88,0.896551724137931,0.896551724137931,0.8461538461538461,0.8888888888888888,0.88,0.8888888888888888,8.487701416015625e-05,8.916854858398438e-05,0.00013589859008789062,9.894371032714844e-05,8.58306884765625e-05,0.00011706352233886719,9.179115295410156e-05,8.511543273925781e-05,8.296966552734375e-05,8.320808410644531e-05,0.00998997688293457,0.010275840759277344,0.009589195251464844,0.008378028869628906,0.009582996368408203,0.009650945663452148,0.00896310806274414,0.00891423225402832,0.008228778839111328,0.009039878845214844
1,EuclideanDistance,InverseDistanceWeightedVote,ReliefFWeighting,0.7692307692307693,1.0,1.0,1.0,0.9230769230769231,1.0,1.0,1.0,1.0,1.0,9.322166442871094e-05,8.606910705566406e-05,8.440017700195312e-05,8.20159912109375e-05,8.296966552734375e-05,8.58306884765625e-05,8.320808410644531e-05,8.273124694824219e-05,8.225440979003906e-05,8.20159912109375e-05,0.010138988494873047,0.010330915451049805,0.009615659713745117,0.008388042449951172,0.009680986404418945,0.009760141372680664,0.00912785530090332,0.008966922760009766,0.00830078125,0.00906991958618164
1,EuclideanDistance,ShepardsWorkVote,EqualWeighting,0.7692307692307693,1.0,1.0,1.0,0.9230769230769231,1.0,1.0,1.0,1.0,1.0,8.606910705566406e-05,8.58306884765625e-05,8.392333984375e-05,8.20159912109375e-05,8.320808410644531e-05,8.296966552734375e-05,8.296966552734375e-05,8.296966552734375e-05,8.225440979003906e-05,8.392333984375e-05,0.010071039199829102,0.010154008865356445,0.009527206420898438,0.008254051208496094,0.00954580307006836,0.00954294204711914,0.009026050567626953,0.008876800537109375,0.008221864700317383,0.009011268615722656
1,EuclideanDistance,ShepardsWorkVote,InformationGainWeighting,0.8666666666666667,0.9032258064516129,0.896551724137931,0.88,0.896551724137931,0.896551724137931,0.8461538461538461,0.8888888888888888,0.88,0.8888888888888888,8.392333984375e-05,8.487701416015625e-05,9.322166442871094e-05,8.296966552734375e-05,9.608268737792969e-05,8.678436279296875e-05,8.392333984375e-05,8.296966552734375e-05,8.20159912109375e-05,8.296966552734375e-05,0.010071039199829102,0.010151147842407227,0.009560823440551758,0.008390188217163086,0.009497880935668945,0.009590864181518555,0.00905609130859375,0.008921146392822266,0.008241891860961914,0.009006023406982422
1,EuclideanDistance,ShepardsWorkVote,ReliefFWeighting,0.7692307692307693,1.0,1.0,1.0,0.9230769230769231,1.0,1.0,1.0,1.0,1.0,8.606910705566406e-05,8.58306884765625e-05,8.392333984375e-05,8.320808410644531e-05,8.20159912109375e-05,8.296966552734375e-05,8.511543273925781e-05,8.177757263183594e-05,8.20159912109375e-05,8.225440979003906e-05,0.010220050811767578,0.010264158248901367,0.009633779525756836,0.008394956588745117,0.009593009948730469,0.009765863418579102,0.009113073348999023,0.00903010368347168,0.008373022079467773,0.00910186767578125
1,ChebyshevDistance,MajorityClassVote,EqualWeighting,0.8666666666666667,1.0,0.9629629629629629,1.0,0.896551724137931,1.0,1.0,1.0,1.0,1.0,8.440017700195312e-05,8.511543273925781e-05,9.083747863769531e-05,8.606910705566406e-05,8.392333984375e-05,8.416175842285156e-05,8.416175842285156e-05,8.296966552734375e-05,8.320808410644531e-05,8.20159912109375e-05,0.0075571537017822266,0.007703065872192383,0.007184267044067383,0.006285905838012695,0.007113933563232422,0.0071868896484375,0.006761789321899414,0.00669407844543457,0.0062029361724853516,0.0067980289459228516
1,ChebyshevDistance,MajorityClassVote,InformationGainWeighting,0.8666666666666667,0.9032258064516129,0.896551724137931,0.88,0.896551724137931,0.896551724137931,0.8461538461538461,0.8888888888888888,0.88,0.8461538461538461,8.606910705566406e-05,9.298324584960938e-05,8.487701416015625e-05,8.392333984375e-05,8.20159912109375e-05,8.392333984375e-05,8.392333984375e-05,8.296966552734375e-05,8.296966552734375e-05,8.296966552734375e-05,0.007609844207763672,0.007665157318115234,0.007196903228759766,0.006239175796508789,0.007120847702026367,0.007224082946777344,0.0067479610443115234,0.006706953048706055,0.006197929382324219,0.006757020950317383
1,ChebyshevDistance,MajorityClassVote,ReliefFWeighting,0.8275862068965517,0.9629629629629629,0.9629629629629629,1.0,0.9230769230769231,0.9629629629629629,0.9090909090909091,1.0,1.0,0.9565217391304348,8.392333984375e-05,8.58306884765625e-05,8.392333984375e-05,8.392333984375e-05,8.296966552734375e-05,8.440017700195312e-05,8.296966552734375e-05,8.487701416015625e-05,8.177757263183594e-05,8.177757263183594e-05,0.007535219192504883,0.007655143737792969,0.0072078704833984375,0.006264209747314453,0.0072100162506103516,0.007193803787231445,0.006829023361206055,0.006700754165649414,0.006195068359375,0.006803035736083984
1,ChebyshevDistance,InverseDistanceWeightedVote,EqualWeighting,0.8666666666666667,1.0,0.9629629629629629,1.0,0.896551724137931,1.0,1.0,1.0,1.0,1.0,8.392333984375e-05,8.511543273925781e-05,8.392333984375e-05,8.606910705566406e-05,8.320808410644531e-05,8.296966552734375e-05,8.296966552734375e-05,8.296966552734375e-05,8.177757263183594e-05,8.225440979003906e-05,0.0075190067291259766,0.007585048675537109,0.007133960723876953,0.006242036819458008,0.0070726871490478516,0.00713801383972168,0.006758928298950195,0.0066411495208740234,0.006127119064331055,0.0067408084869384766
1,ChebyshevDistance,InverseDistanceWeightedVote,InformationGainWeighting,0.8666666666666667,0.9032258064516129,0.896551724137931,0.88,0.896551724137931,0.896551724137931,0.8461538461538461,0.8888888888888888,0.88,0.8461538461538461,8.392333984375e-05,9.107589721679688e-05,8.392333984375e-05,8.320808410644531e-05,8.177757263183594e-05,8.296966552734375e-05,8.20159912109375e-05,8.177757263183594e-05,8.177757263183594e-05,8.20159912109375e-05,0.007525205612182617,0.007599830627441406,0.007185220718383789,0.006248950958251953,0.007102012634277344,0.007193803787231445,0.00672602653503418,0.006676197052001953,0.0061953067779541016,0.0067560672760009766
1,ChebyshevDistance,InverseDistanceWeightedVote,ReliefFWeighting,0.8275862068965517,0.9629629629629629,0.9629629629629629,1.0,0.9230769230769231,0.9629629629629629,0.9090909090909091,1.0,1.0,0.9565217391304348,8.296966552734375e-05,8.487701416015625e-05,8.296966552734375e-05,8.320808410644531e-05,8.702278137207031e-05,8.702278137207031e-05,8.416175842285156e-05,8.320808410644531e-05,8.20159912109375e-05,8.392333984375e-05,0.007548093795776367,0.007622957229614258,0.007158994674682617,0.006207942962646484,0.007138729095458984,0.0071642398834228516,0.006796836853027344,0.006664276123046875,0.006199836730957031,0.006832122802734375
1,ChebyshevDistance,ShepardsWorkVote,EqualWeighting,0.8666666666666667,1.0,0.9629629629629629,1.0,0.896551724137931,1.0,1.0,1.0,1.0,1.0,8.606910705566406e-05,8.606910705566406e-05,8.487701416015625e-05,8.20159912109375e-05,8.225440979003906e-05,8.678436279296875e-05,8.296966552734375e-05,8.320808410644531e-05,8.225440979003906e-05,8.225440979003906e-05,0.00749516487121582,0.007675886154174805,0.007174015045166016,0.006243705749511719,0.007106781005859375,0.007203102111816406,0.006762027740478516,0.006647825241088867,0.006203889846801758,0.0067408084869384766
1,ChebyshevDistance,ShepardsWorkVote,InformationGainWeighting,0.8666666666666667,0.9032258064516129,0.896551724137931,0.88,0.896551724137931,0.896551724137931,0.8461538461538461,0.8888888888888888,0.88,0.8461538461538461,8.416175842285156e-05,8.392333984375e-05,8.296966552734375e-05,8.225440979003906e-05,8.273124694824219e-05,8.296966552734375e-05,8.20159912109375e-05,8.082389831542969e-05,8.20159912109375e-05,8.225440979003906e-05,0.007554769515991211,0.007678031921386719,0.0071868896484375,0.006259918212890625,0.0071010589599609375,0.007228851318359375,0.006759166717529297,0.006693124771118164,0.00617218017578125,0.006781816482543945
1,ChebyshevDistance,ShepardsWorkVote,ReliefFWeighting,0.8275862068965517,0.9629629629629629,0.9629629629629629,1.0,0.9230769230769231,0.9629629629629629,0.9090909090909091,1.0,1.0,0.9565217391304348,8.392333984375e-05,9.703636169433594e-05,0.00010395050048828125,8.511543273925781e-05,9.632110595703125e-05,8.392333984375e-05,8.416175842285156e-05,8.392333984375e-05,8.177757263183594e-05,8.296966552734375e-05,0.007589101791381836,0.007639169692993164,0.0071642398834228516,0.006246089935302734,0.007109880447387695,0.0071828365325927734,0.006793975830078125,0.006645917892456055,0.006194114685058594,0.0067861080169677734
3,ManhattanDistance,MajorityClassVote,EqualWeighting,0.8148148148148148,0.9655172413793104,0.9166666666666666,0.8333333333333334,0.9166666666666666,0.96,0.9090909090909091,0.9230769230769231,0.9090909090909091,1.0,8.606910705566406e-05,8.606910705566406e-05,8.392333984375e-05,8.392333984375e-05,8.225440979003906e-05,8.392333984375e-05,8.296966552734375e-05,8.177757263183594e-05,8.296966552734375e-05,8.392333984375e-05,0.007606983184814453,0.007727861404418945,0.007272005081176758,0.006321907043457031,0.007225751876831055,0.007246255874633789,0.0068721771240234375,0.0067441463470458984,0.00631403923034668,0.00683283805847168
3,ManhattanDistance,MajorityClassVote,InformationGainWeighting,0.8666666666666667,0.9032258064516129,0.896551724137931,0.88,0.896551724137931,0.896551724137931,0.8461538461538461,0.8888888888888888,0.88,0.8888888888888888,8.416175842285156e-05,9.202957153320312e-05,8.392333984375e-05,8.320808410644531e-05,8.392333984375e-05,8.296966552734375e-05,8.273124694824219e-05,8.606910705566406e-05,8.320808410644531e-05,8.392333984375e-05,0.0075986385345458984,0.00763392448425293,0.007215261459350586,0.006258964538574219,0.00716710090637207,0.007187843322753906,0.006876230239868164,0.006707191467285156,0.0062367916107177734,0.0068302154541015625
3,ManhattanDistance,MajorityClassVote,ReliefFWeighting,0.7857142857142857,0.9655172413793104,0.9166666666666666,0.8333333333333334,0.96,0.96,0.9565217391304348,0.88,0.9090909090909091,1.0,8.296966552734375e-05,8.487701416015625e-05,8.392333984375e-05,8.20159912109375e-05,8.20159912109375e-05,8.296966552734375e-05,8.296966552734375e-05,8.225440979003906e-05,8.082389831542969e-05,8.20159912109375e-05,0.007583141326904297,0.007695198059082031,0.00719904899597168,0.006291866302490234,0.007135868072509766,0.0072672367095947266,0.0068171024322509766,0.006775856018066406,0.0062410831451416016,0.00687098503112793
3,ManhattanDistance,InverseDistanceWeightedVote,EqualWeighting,0.8148148148148148,1.0,1.0,1.0,0.9166666666666666,1.0,0.9090909090909091,1.0,1.0,1.0,8.320808410644531e-05,8.487701416015625e-05,8.392333984375e-05,8.392333984375e-05,8.296966552734375e-05,8.296966552734375e-05,8.177757263183594e-05,8.20159912109375e-05,8.225440979003906e-05,8.20159912109375e-05,0.007616758346557617,0.007688999176025391,0.007277011871337891,0.006304025650024414,0.007191896438598633,0.007225990295410156,0.006780147552490234,0.006658077239990234,0.006229877471923828,0.006813764572143555
3,ManhattanDistance,InverseDistanceWeightedVote,InformationGainWeighting,0.8666666666666667,0.9032258064516129,0.896551724137931,0.88,0.896551724137931,0.896551724137931,0.8461538461538461,0.8888888888888888,0.88,0.8888888888888888,8.702278137207031e-05,8.511543273925781e-05,8.392333984375e-05,8.821487426757812e-05,8.392333984375e-05,8.392333984375e-05,8.392333984375e-05,8.296966552734375e-05,8.296966552734375e-05,8.20159912109375e-05,0.007592916488647461,0.00770878791809082,0.007242918014526367,0.006279706954956055,0.007169961929321289,0.007224082946777344,0.006820201873779297,0.006712198257446289,0.006213188171386719,0.006837129592895508
3,ManhattanDistance,InverseDistanceWeightedVote,ReliefFWeighting,0.7857142857142857,0.9655172413793104,0.9166666666666666,0.8333333333333334,0.96,0.96,0.9565217391304348,0.88,0.9090909090909091,1.0,8.511543273925781e-05,8.606910705566406e-05,8.511543273925781e-05,8.296966552734375e-05,8.296966552734375e-05,8.320808410644531e-05,8.392333984375e-05,8.296966552734375e-05,8.273124694824219e-05,8.296966552734375e-05,0.0075609683990478516,0.007706165313720703,0.00725102424621582,0.006284952163696289,0.007150888442993164,0.007259845733642578,0.006820201873779297,0.006738901138305664,0.006243228912353516,0.006837129592895508
3,ManhattanDistance,ShepardsWorkVote,EqualWeighting,0.7692307692307693,1.0,1.0,1.0,0.9230769230769231,1.0,1.0,1.0,1.0,1.0,8.392333984375e-05,8.511543273925781e-05,8.320808410644531e-05,8.296966552734375e-05,8.559226989746094e-05,8.296966552734375e-05,8.296966552734375e-05,8.177757263183594e-05,8.20159912109375e-05,8.320808410644531e-05,0.007676124572753906,0.0077397823333740234,0.007251262664794922,0.006339073181152344,0.007209062576293945,0.007284879684448242,0.006856203079223633,0.006793022155761719,0.006289958953857422,0.006894826889038086
3,ManhattanDistance,ShepardsWorkVote,InformationGainWeighting,0.8666666666666667,0.9032258064516129,0.896551724137931,0.88,0.896551724137931,0.896551724137931,0.8461538461538461,0.8888888888888888,0.88,0.8888888888888888,8.392333984375e-05,8.511543273925781e-05,8.320808410644531e-05,8.296966552734375e-05,8.320808410644531e-05,8.177757263183594e-05,8.296966552734375e-05,8.20159912109375e-05,8.225440979003906e-05,8.320808410644531e-05,0.007576942443847656,0.007628917694091797,0.007261991500854492,0.0062558650970458984,0.0071680545806884766,0.0072400569915771484,0.006864786148071289,0.006696939468383789,0.006212711334228516,0.0068206787109375
3,ManhattanDistance,ShepardsWorkVote,ReliefFWeighting,0.7407407407407407,1.0,1.0,1.0,0.9230769230769231,1.0,1.0,1.0,1.0,1.0,8.296966552734375e-05,8.487701416015625e-05,8.416175842285156e-05,8.177757263183594e-05,8.296966552734375e-05,8.177757263183594e-05,8.296966552734375e-05,8.296966552734375e-05,8.106231689453125e-05,8.20159912109375e-05,0.007683992385864258,0.007767200469970703,0.007283926010131836,0.006327152252197266,0.00722503662109375,0.0073261260986328125,0.0068819522857666016,0.006757020950317383,0.006268739700317383,0.0068798065185546875
3,EuclideanDistance,MajorityClassVote,EqualWeighting,0.8148148148148148,0.9655172413793104,0.9166666666666666,0.8333333333333334,0.9166666666666666,0.96,0.9090909090909091,0.9230769230769231,0.9090909090909091,1.0,8.58306884765625e-05,8.511543273925781e-05,8.392333984375e-05,8.320808410644531e-05,8.511543273925781e-05,8.296966552734375e-05,8.487701416015625e-05,8.296966552734375e-05,9.083747863769531e-05,8.296966552734375e-05,0.010070085525512695,0.010176897048950195,0.009563922882080078,0.008375883102416992,0.00951385498046875,0.009605169296264648,0.009053230285644531,0.008919954299926758,0.00828099250793457,0.009058952331542969
3,EuclideanDistance,MajorityClassVote,InformationGainWeighting,0.8666666666666667,0.9032258064516129,0.896551724137931,0.88,0.896551724137931,0.896551724137931,0.8461538461538461,0.8888888888888888,0.88,0.8888888888888888,0.000102996826171875,0.00011277198791503906,8.988380432128906e-05,8.702278137207031e-05,8.296966552734375e-05,8.606910705566406e-05,8.821487426757812e-05,8.487701416015625e-05,8.20159912109375e-05,8.821487426757812e-05,0.010356903076171875,0.010192155838012695,0.00956416130065918,0.00831294059753418,0.009474992752075195,0.009624004364013672,0.009013891220092773,0.008898258209228516,0.00824284553527832,0.009026050567626953
3,EuclideanDistance,MajorityClassVote,ReliefFWeighting,0.7407407407407407,0.9285714285714286,0.9166666666666666,0.9090909090909091,0.96,1.0,0.9090909090909091,0.96,0.9565217391304348,1.0,8.7738037109375e-05,8.606910705566406e-05,8.392333984375e-05,8.296966552734375e-05,8.20159912109375e-05,8.273124694824219e-05,8.296966552734375e-05,8.20159912109375e-05,8.130073547363281e-05,8.296966552734375e-05,0.01018214225769043,0.01045989990234375,0.009640216827392578,0.008387088775634766,0.009757041931152344,0.009655237197875977,0.009074926376342773,0.009089946746826172,0.00836181640625,0.009102106094360352
3,EuclideanDistance,InverseDistanceWeightedVote,EqualWeighting,0.8148148148148148,0.9655172413793104,1.0,0.9565217391304348,0.9166666666666666,1.0,0.9090909090909091,1.0,1.0,1.0,8.416175842285156e-05,8.821487426757812e-05,8.392333984375e-05,8.296966552734375e-05,8.225440979003906e-05,8.392333984375e-05,8.296966552734375e-05,8.177757263183594e-05,8.177757263183594e-05,8.416175842285156e-05,0.010025978088378906,0.010087728500366211,0.00953221321105957,0.008260011672973633,0.009402751922607422,0.009517192840576172,0.009008169174194336,0.008871316909790039,0.008234262466430664,0.0090789794921875
3,EuclideanDistance,InverseDistanceWeightedVote,InformationGainWeighting,0.8666666666666667,0.9032258064516129,0.896551724137931,0.88,0.896551724137931,0.896551724137931,0.8461538461538461,0.8888888888888888,0.88,0.8888888888888888,8.7738037109375e-05,8.511543273925781e-05,8.392333984375e-05,8.20159912109375e-05,9.012222290039062e-05,8.487701416015625e-05,8.416175842285156e-05,8.177757263183594e-05,8.177757263183594e-05,8.320808410644531e-05,0.010101079940795898,0.01009678840637207,0.009560108184814453,0.00829172134399414,0.009446859359741211,0.009530067443847656,0.008985757827758789,0.00887608528137207,0.008214950561523438,0.009023904800415039
3,EuclideanDistance,InverseDistanceWeightedVote,ReliefFWeighting,0.7407407407407407,0.9285714285714286,0.9166666666666666,0.9090909090909091,0.96,1.0,0.9090909090909091,0.96,0.9565217391304348,1.0,8.392333984375e-05,8.392333984375e-05,8.416175842285156e-05,8.296966552734375e-05,8.296966552734375e-05,8.20159912109375e-05,8.988380432128906e-05,8.296966552734375e-05,8.487701416015625e-05,8.177757263183594e-05,0.010107994079589844,0.0102081298828125,0.009595870971679688,0.008444070816040039,0.009519100189208984,0.009680986404418945,0.009071111679077148,0.008964061737060547,0.008328914642333984,0.009163141250610352
3,EuclideanDistance,ShepardsWorkVote,EqualWeighting,0.7692307692307693,0.9655172413793104,1.0,1.0,0.9629629629629629,1.0,0.9523809523809523,1.0,1.0,1.0,8.606910705566406e-05,8.606910705566406e-05,8.392333984375e-05,8.320808410644531e-05,8.296966552734375e-05,9.202957153320312e-05,8.392333984375e-05,8.296966552734375e-05,8.296966552734375e-05,8.177757263183594e-05,0.010089874267578125,0.010173320770263672,0.009541988372802734,0.008362054824829102,0.009530067443847656,0.009533882141113281,0.009031057357788086,0.008922100067138672,0.008220911026000977,0.008996963500976562
3,EuclideanDistance,ShepardsWorkVote,InformationGainWeighting,0.8666666666666667,0.9032258064516129,0.896551724137931,0.88,0.896551724137931,0.896551724137931,0.8461538461538461,0.8888888888888888,0.88,0.8888888888888888,8.392333984375e-05,8.606910705566406e-05,8.487701416015625e-05,8.320808410644531e-05,8.177757263183594e-05,8.296966552734375e-05,8.296966552734375e-05,8.177757263183594e-05,8.177757263183594e-05,8.177757263183594e-05,0.010071039199829102,0.010190963745117188,0.009652376174926758,0.008389949798583984,0.009460926055908203,0.009563922882080078,0.009036064147949219,0.008935928344726562,0.008285045623779297,0.009066104888916016
3,EuclideanDistance,ShepardsWorkVote,ReliefFWeighting,0.7692307692307693,0.9655172413793104,1.0,1.0,0.9230769230769231,1.0,1.0,1.0,1.0,1.0,8.416175842285156e-05,8.392333984375e-05,8.416175842285156e-05,8.320808410644531e-05,8.296966552734375e-05,8.511543273925781e-05,8.296966552734375e-05,8.296966552734375e-05,8.177757263183594e-05,8.296966552734375e-05,0.010168075561523438,0.010283946990966797,0.009677886962890625,0.008434772491455078,0.009624004364013672,0.009673833847045898,0.009111166000366211,0.008970975875854492,0.008352041244506836,0.00912928581237793
3,ChebyshevDistance,MajorityClassVote,EqualWeighting,0.8666666666666667,0.9032258064516129,0.896551724137931,0.88,0.896551724137931,0.896551724137931,0.8461538461538461,0.8888888888888888,0.88,1.0,8.320808410644531e-05,8.511543273925781e-05,8.296966552734375e-05,8.296966552734375e-05,8.606910705566406e-05,8.296966552734375e-05,8.20159912109375e-05,8.225440979003906e-05,8.177757263183594e-05,8.20159912109375e-05,0.0074999332427978516,0.007657766342163086,0.007134199142456055,0.006237030029296875,0.00708317756652832,0.007155179977416992,0.006788730621337891,0.006641864776611328,0.0061800479888916016,0.0067670345306396484
3,ChebyshevDistance,MajorityClassVote,InformationGainWeighting,0.8666666666666667,0.9032258064516129,0.896551724137931,0.88,0.896551724137931,0.896551724137931,0.8461538461538461,0.8888888888888888,0.88,0.8888888888888888,8.392333984375e-05,8.392333984375e-05,8.392333984375e-05,8.296966552734375e-05,8.296966552734375e-05,8.177757263183594e-05,8.177757263183594e-05,8.177757263183594e-05,8.20159912109375e-05,8.106231689453125e-05,0.007561922073364258,0.007666826248168945,0.0072612762451171875,0.006242036819458008,0.007133007049560547,0.0072209835052490234,0.006750345230102539,0.0066869258880615234,0.006201028823852539,0.006891012191772461
3,ChebyshevDistance,MajorityClassVote,ReliefFWeighting,0.8571428571428571,0.8666666666666667,0.9285714285714286,0.9565217391304348,0.9629629629629629,0.9629629629629629,0.8571428571428571,0.96,0.9166666666666666,0.9565217391304348,9.107589721679688e-05,8.487701416015625e-05,8.416175842285156e-05,8.296966552734375e-05,8.702278137207031e-05,8.392333984375e-05,8.296966552734375e-05,8.296966552734375e-05,8.20159912109375e-05,8.177757263183594e-05,0.0075531005859375,0.008014917373657227,0.007200002670288086,0.006324052810668945,0.00736689567565918,0.007153034210205078,0.006797075271606445,0.0069789886474609375,0.006242036819458008,0.006833314895629883
3,ChebyshevDistance,InverseDistanceWeightedVote,EqualWeighting,0.8666666666666667,0.9655172413793104,0.9629629629629629,0.9166666666666666,0.896551724137931,1.0,0.9166666666666666,1.0,1.0,1.0,8.487701416015625e-05,8.487701416015625e-05,8.416175842285156e-05,8.296966552734375e-05,8.296966552734375e-05,8.296966552734375e-05,8.20159912109375e-05,8.20159912109375e-05,8.296966552734375e-05,8.20159912109375e-05,0.007460117340087891,0.007570981979370117,0.007133007049560547,0.006201028823852539,0.00706791877746582,0.007117033004760742,0.006754159927368164,0.00657200813293457,0.006186008453369141,0.006721019744873047
3,ChebyshevDistance,InverseDistanceWeightedVote,InformationGainWeighting,0.8666666666666667,0.9032258064516129,0.896551724137931,0.88,0.896551724137931,0.896551724137931,0.8461538461538461,0.8888888888888888,0.88,0.8888888888888888,8.392333984375e-05,8.392333984375e-05,8.392333984375e-05,8.296966552734375e-05,8.177757263183594e-05,8.296966552734375e-05,8.392333984375e-05,8.392333984375e-05,8.20159912109375e-05,8.296966552734375e-05,0.007503032684326172,0.007604122161865234,0.007170200347900391,0.006193876266479492,0.00711822509765625,0.007219076156616211,0.006780862808227539,0.006704092025756836,0.0062329769134521484,0.00677490234375
3,ChebyshevDistance,InverseDistanceWeightedVote,ReliefFWeighting,0.8571428571428571,0.8666666666666667,0.9285714285714286,0.9565217391304348,0.9629629629629629,1.0,0.8571428571428571,0.96,0.9166666666666666,0.9565217391304348,8.296966552734375e-05,8.511543273925781e-05,8.511543273925781e-05,8.511543273925781e-05,8.296966552734375e-05,0.00011801719665527344,0.00011992454528808594,8.702278137207031e-05,8.177757263183594e-05,8.296966552734375e-05,0.0074999332427978516,0.007628917694091797,0.0072078704833984375,0.006210803985595703,0.007384061813354492,0.0073049068450927734,0.006762027740478516,0.0066301822662353516,0.006159067153930664,0.00676417350769043
3,ChebyshevDistance,ShepardsWorkVote,EqualWeighting,0.8666666666666667,0.9655172413793104,0.9629629629629629,0.9565217391304348,0.896551724137931,0.9629629629629629,0.9166666666666666,1.0,1.0,1.0,8.487701416015625e-05,8.702278137207031e-05,8.487701416015625e-05,8.106231689453125e-05,8.320808410644531e-05,8.511543273925781e-05,8.296966552734375e-05,8.177757263183594e-05,8.106231689453125e-05,8.20159912109375e-05,0.0075109004974365234,0.0076291561126708984,0.007140159606933594,0.006235837936401367,0.007093191146850586,0.007127046585083008,0.006776094436645508,0.006661176681518555,0.006179094314575195,0.006788015365600586
3,ChebyshevDistance,ShepardsWorkVote,InformationGainWeighting,0.8666666666666667,0.9032258064516129,0.896551724137931,0.88,0.896551724137931,0.896551724137931,0.8461538461538461,0.8888888888888888,0.88,0.8888888888888888,8.296966552734375e-05,8.416175842285156e-05,9.584426879882812e-05,8.702278137207031e-05,8.535385131835938e-05,8.416175842285156e-05,8.296966552734375e-05,8.296966552734375e-05,8.225440979003906e-05,8.273124694824219e-05,0.007581949234008789,0.007704019546508789,0.0071642398834228516,0.006223917007446289,0.007075786590576172,0.007164716720581055,0.006768226623535156,0.0066699981689453125,0.0061528682708740234,0.0067751407623291016
3,ChebyshevDistance,ShepardsWorkVote,ReliefFWeighting,0.8148148148148148,0.8275862068965517,0.9629629629629629,1.0,0.9629629629629629,1.0,0.8571428571428571,0.96,0.9565217391304348,0.9565217391304348,8.320808410644531e-05,8.392333984375e-05,8.392333984375e-05,8.20159912109375e-05,8.58306884765625e-05,8.296966552734375e-05,8.296966552734375e-05,8.225440979003906e-05,8.20159912109375e-05,8.320808410644531e-05,0.007530927658081055,0.007704019546508789,0.00713801383972168,0.006265163421630859,0.0071370601654052734,0.0071849822998046875,0.00677037239074707,0.006657123565673828,0.006233930587768555,0.006806850433349609
5,ManhattanDistance,MajorityClassVote,EqualWeighting,0.8148148148148148,0.9655172413793104,0.88,0.88,1.0,0.96,0.9090909090909091,0.96,0.9090909090909091,0.9565217391304348,8.416175842285156e-05,8.606910705566406e-05,8.296966552734375e-05,8.392333984375e-05,8.20159912109375e-05,8.20159912109375e-05,8.296966552734375e-05,8.20159912109375e-05,8.416175842285156e-05,8.20159912109375e-05,0.007606029510498047,0.007663726806640625,0.0072100162506103516,0.006313323974609375,0.0071887969970703125,0.0072591304779052734,0.006826877593994141,0.0067291259765625,0.006227970123291016,0.006819009780883789
5,ManhattanDistance,MajorityClassVote,InformationGainWeighting,0.8666666666666667,0.9032258064516129,0.896551724137931,0.88,0.896551724137931,0.896551724137931,0.8461538461538461,0.8888888888888888,0.88,0.8888888888888888,8.296966552734375e-05,8.487701416015625e-05,9.298324584960938e-05,8.296966552734375e-05,8.296966552734375e-05,8.296966552734375e-05,8.20159912109375e-05,8.177757263183594e-05,8.20159912109375e-05,8.20159912109375e-05,0.007542133331298828,0.007668018341064453,0.0071790218353271484,0.0062792301177978516,0.00715327262878418,0.007180690765380859,0.006822824478149414,0.0067179203033447266,0.006226062774658203,0.0068089962005615234
5,ManhattanDistance,MajorityClassVote,ReliefFWeighting,0.8148148148148148,0.9655172413793104,0.88,0.88,1.0,0.96,0.9090909090909091,0.88,0.9090909090909091,0.9565217391304348,8.296966552734375e-05,8.511543273925781e-05,8.392333984375e-05,8.296966552734375e-05,8.296966552734375e-05,8.296966552734375e-05,8.296966552734375e-05,0.0001049041748046875,8.726119995117188e-05,8.869171142578125e-05,0.007590055465698242,0.0076749324798583984,0.007244110107421875,0.006260871887207031,0.0071868896484375,0.0072019100189208984,0.007203102111816406,0.006741046905517578,0.006373882293701172,0.007333040237426758
5,ManhattanDistance,InverseDistanceWeightedVote,EqualWeighting,0.8148148148148148,0.9655172413793104,0.96,0.9166666666666666,1.0,1.0,0.9090909090909091,0.96,1.0,1.0,0.00010275840759277344,0.00011086463928222656,0.00010085105895996094,8.702278137207031e-05,8.416175842285156e-05,8.416175842285156e-05,8.511543273925781e-05,8.392333984375e-05,8.320808410644531e-05,8.392333984375e-05,0.008064031600952148,0.007860898971557617,0.007261991500854492,0.0063550472259521484,0.00722193717956543,0.007264852523803711,0.0068781375885009766,0.006803035736083984,0.0062639713287353516,0.006884098052978516
5,ManhattanDistance,InverseDistanceWeightedVote,InformationGainWeighting,0.8666666666666667,0.9032258064516129,0.896551724137931,0.88,0.896551724137931,0.896551724137931,0.8461538461538461,0.8888888888888888,0.88,0.8888888888888888,8.606910705566406e-05,8.702278137207031e-05,8.487701416015625e-05,8.296966552734375e-05,8.296966552734375e-05,8.296966552734375e-05,8.296966552734375e-05,8.296966552734375e-05,8.225440979003906e-05,8.20159912109375e-05,0.007590770721435547,0.0076770782470703125,0.0071811676025390625,0.0062580108642578125,0.007135868072509766,0.007222175598144531,0.0067958831787109375,0.006737947463989258,0.006211757659912109,0.006845951080322266
5,ManhattanDistance,InverseDistanceWeightedVote,ReliefFWeighting,0.8148148148148148,0.9655172413793104,0.88,0.88,1.0,0.96,0.9090909090909091,0.88,0.9090909090909091,0.9565217391304348,8.487701416015625e-05,8.511543273925781e-05,8.296966552734375e-05,8.296966552734375e-05,8.296966552734375e-05,8.296966552734375e-05,8.320808410644531e-05,8.20159912109375e-05,8.58306884765625e-05,8.296966552734375e-05,0.007591962814331055,0.00767207145690918,0.007250070571899414,0.006316184997558594,0.007214069366455078,0.007276058197021484,0.006865978240966797,0.006783008575439453,0.006258964538574219,0.006856203079223633
5,ManhattanDistance,ShepardsWorkVote,EqualWeighting,0.7692307692307693,1.0,1.0,1.0,0.9230769230769231,1.0,1.0,1.0,1.0,1.0,9.489059448242188e-05,9.083747863769531e-05,8.702278137207031e-05,8.440017700195312e-05,8.296966552734375e-05,8.392333984375e-05,8.392333984375e-05,8.296966552734375e-05,8.20159912109375e-05,8.20159912109375e-05,0.007646083831787109,0.007764339447021484,0.00722503662109375,0.006321907043457031,0.0072209835052490234,0.007241964340209961,0.0068511962890625,0.00674128532409668,0.006253957748413086,0.006866931915283203
5,ManhattanDistance,ShepardsWorkVote,InformationGainWeighting,0.8666666666666667,0.9032258064516129,0.896551724137931,0.88,0.896551724137931,0.896551724137931,0.8461538461538461,0.8888888888888888,0.88,0.8888888888888888,8.702278137207031e-05,8.511543273925781e-05,8.392333984375e-05,8.296966552734375e-05,8.296966552734375e-05,8.606910705566406e-05,8.20159912109375e-05,8.177757263183594e-05,8.392333984375e-05,8.296966552734375e-05,0.007582902908325195,0.007690906524658203,0.007210969924926758,0.0062901973724365234,0.007185935974121094,0.0072290897369384766,0.00683283805847168,0.006766080856323242,0.006247997283935547,0.006875753402709961
5,ManhattanDistance,ShepardsWorkVote,ReliefFWeighting,0.7407407407407407,1.0,1.0,1.0,0.9230769230769231,1.0,1.0,1.0,1.0,1.0,8.392333984375e-05,8.58306884765625e-05,8.416175842285156e-05,8.296966552734375e-05,8.273124694824219e-05,8.296966552734375e-05,8.296966552734375e-05,9.107589721679688e-05,8.392333984375e-05,8.320808410644531e-05,0.0076563358306884766,0.007722139358520508,0.007256984710693359,0.006299257278442383,0.007218122482299805,0.007261991500854492,0.0069239139556884766,0.0067517757415771484,0.0063059329986572266,0.006864786148071289
5,EuclideanDistance,MajorityClassVote,EqualWeighting,0.8148148148148148,0.9655172413793104,0.88,0.88,1.0,0.96,0.9090909090909091,0.96,0.9090909090909091,0.9565217391304348,8.416175842285156e-05,8.606910705566406e-05,8.511543273925781e-05,8.273124694824219e-05,8.296966552734375e-05,8.392333984375e-05,8.702278137207031e-05,8.296966552734375e-05,8.678436279296875e-05,9.107589721679688e-05,0.010083913803100586,0.010181903839111328,0.009607791900634766,0.008335113525390625,0.009572982788085938,0.009615898132324219,0.009084939956665039,0.009108781814575195,0.008480072021484375,0.009409904479980469
5,EuclideanDistance,MajorityClassVote,InformationGainWeighting,0.8666666666666667,0.9032258064516129,0.896551724137931,0.88,0.896551724137931,0.896551724137931,0.8461538461538461,0.8888888888888888,0.88,0.8888888888888888,9.489059448242188e-05,0.00012636184692382812,8.797645568847656e-05,8.988380432128906e-05,8.296966552734375e-05,8.392333984375e-05,8.821487426757812e-05,0.000102996826171875,8.702278137207031e-05,8.797645568847656e-05,0.010453939437866211,0.01019287109375,0.009618997573852539,0.008310079574584961,0.009505033493041992,0.009596109390258789,0.009198904037475586,0.008906841278076172,0.008244991302490234,0.009016990661621094
5,EuclideanDistance,MajorityClassVote,ReliefFWeighting,0.7692307692307693,0.9333333333333333,0.96,0.88,1.0,1.0,0.9090909090909091,0.96,0.9090909090909091,0.9565217391304348,8.797645568847656e-05,8.606910705566406e-05,8.487701416015625e-05,8.320808410644531e-05,9.202957153320312e-05,0.00010704994201660156,8.797645568847656e-05,8.606910705566406e-05,8.296966552734375e-05,8.392333984375e-05,0.010161161422729492,0.010271072387695312,0.009685039520263672,0.008450031280517578,0.009680032730102539,0.009757041931152344,0.00920414924621582,0.009047985076904297,0.008440017700195312,0.009217023849487305
5,EuclideanDistance,InverseDistanceWeightedVote,EqualWeighting,0.8148148148148148,0.9655172413793104,0.9230769230769231,0.88,1.0,1.0,0.9090909090909091,0.96,1.0,1.0,8.702278137207031e-05,8.702278137207031e-05,8.392333984375e-05,8.511543273925781e-05,8.392333984375e-05,8.416175842285156e-05,8.296966552734375e-05,9.012222290039062e-05,8.487701416015625e-05,8.296966552734375e-05,0.010104894638061523,0.010255813598632812,0.009577035903930664,0.008403778076171875,0.009521007537841797,0.009568929672241211,0.0090789794921875,0.008919715881347656,0.008220911026000977,0.009009838104248047
5,EuclideanDistance,InverseDistanceWeightedVote,InformationGainWeighting,0.8666666666666667,0.9032258064516129,0.896551724137931,0.88,0.896551724137931,0.896551724137931,0.8461538461538461,0.8888888888888888,0.88,0.8888888888888888,8.606910705566406e-05,8.58306884765625e-05,8.392333984375e-05,8.296966552734375e-05,8.320808410644531e-05,8.177757263183594e-05,8.416175842285156e-05,8.20159912109375e-05,8.177757263183594e-05,8.225440979003906e-05,0.010003805160522461,0.010107040405273438,0.009586811065673828,0.008308887481689453,0.00946497917175293,0.009570121765136719,0.009020805358886719,0.008903026580810547,0.008238077163696289,0.009026050567626953
5,EuclideanDistance,InverseDistanceWeightedVote,ReliefFWeighting,0.7692307692307693,0.9333333333333333,0.96,0.88,1.0,1.0,0.9090909090909091,0.96,0.9090909090909091,0.9565217391304348,8.320808410644531e-05,8.511543273925781e-05,8.392333984375e-05,8.296966552734375e-05,8.296966552734375e-05,8.225440979003906e-05,8.296966552734375e-05,8.177757263183594e-05,8.606910705566406e-05,8.296966552734375e-05,0.010237932205200195,0.010254144668579102,0.009632110595703125,0.008423805236816406,0.009586095809936523,0.009663820266723633,0.009099006652832031,0.009021282196044922,0.008352041244506836,0.009167194366455078
5,EuclideanDistance,ShepardsWorkVote,EqualWeighting,0.8148148148148148,0.9655172413793104,1.0,1.0,1.0,1.0,0.9523809523809523,0.96,1.0,1.0,8.7738037109375e-05,8.606910705566406e-05,8.392333984375e-05,8.296966552734375e-05,8.296966552734375e-05,8.296966552734375e-05,8.273124694824219e-05,8.296966552734375e-05,8.177757263183594e-05,8.273124694824219e-05,0.010119199752807617,0.010214805603027344,0.009629011154174805,0.008353233337402344,0.00950002670288086,0.009643077850341797,0.009094953536987305,0.00898599624633789,0.008349180221557617,0.00910806655883789
5,EuclideanDistance,ShepardsWorkVote,InformationGainWeighting,0.8666666666666667,0.9032258064516129,0.896551724137931,0.88,0.896551724137931,0.896551724137931,0.8461538461538461,0.8888888888888888,0.88,0.8888888888888888,8.416175842285156e-05,8.58306884765625e-05,8.320808410644531e-05,8.296966552734375e-05,0.00011110305786132812,8.511543273925781e-05,8.416175842285156e-05,8.296966552734375e-05,9.512901306152344e-05,8.797645568847656e-05,0.010119915008544922,0.010232210159301758,0.009654998779296875,0.008549213409423828,0.009668827056884766,0.009710073471069336,0.009132862091064453,0.009095191955566406,0.008385896682739258,0.009173870086669922
5,EuclideanDistance,ShepardsWorkVote,ReliefFWeighting,0.7692307692307693,0.9655172413793104,1.0,1.0,0.9230769230769231,1.0,0.9523809523809523,1.0,1.0,1.0,8.606910705566406e-05,8.487701416015625e-05,8.392333984375e-05,8.20159912109375e-05,8.320808410644531e-05,8.392333984375e-05,8.177757263183594e-05,8.177757263183594e-05,8.225440979003906e-05,8.20159912109375e-05,0.010238885879516602,0.010368108749389648,0.009701967239379883,0.00841379165649414,0.009618043899536133,0.009706974029541016,0.009171009063720703,0.009083986282348633,0.008351802825927734,0.009186029434204102
5,ChebyshevDistance,MajorityClassVote,EqualWeighting,0.8666666666666667,0.9655172413793104,0.9629629629629629,1.0,0.896551724137931,0.9629629629629629,0.9565217391304348,1.0,0.9166666666666666,0.8888888888888888,8.511543273925781e-05,9.226799011230469e-05,9.131431579589844e-05,8.296966552734375e-05,8.225440979003906e-05,8.392333984375e-05,8.225440979003906e-05,8.082389831542969e-05,8.20159912109375e-05,8.296966552734375e-05,0.00762486457824707,0.007798910140991211,0.00715184211730957,0.006258249282836914,0.0071299076080322266,0.0071370601654052734,0.006763935089111328,0.006698131561279297,0.006194114685058594,0.006762027740478516
5,ChebyshevDistance,MajorityClassVote,InformationGainWeighting,0.8666666666666667,0.9032258064516129,0.896551724137931,0.88,0.896551724137931,0.896551724137931,0.8461538461538461,0.8888888888888888,0.88,0.8888888888888888,8.893013000488281e-05,8.702278137207031e-05,8.487701416015625e-05,8.392333984375e-05,8.440017700195312e-05,8.416175842285156e-05,8.392333984375e-05,8.225440979003906e-05,8.177757263183594e-05,8.296966552734375e-05,0.0075740814208984375,0.007670879364013672,0.007180929183959961,0.006228208541870117,0.007133960723876953,0.007216691970825195,0.006820201873779297,0.0067179203033447266,0.006244182586669922,0.0067901611328125
5,ChebyshevDistance,MajorityClassVote,ReliefFWeighting,0.8571428571428571,0.896551724137931,0.896551724137931,1.0,0.9629629629629629,1.0,0.9090909090909091,0.9230769230769231,0.88,0.8333333333333334,8.392333984375e-05,8.606910705566406e-05,8.392333984375e-05,8.296966552734375e-05,8.296966552734375e-05,0.00010514259338378906,0.00011682510375976562,0.00010323524475097656,0.00010013580322265625,0.00011801719665527344,0.007647275924682617,0.007691621780395508,0.0071811676025390625,0.006236076354980469,0.00751185417175293,0.00761103630065918,0.0075299739837646484,0.0069429874420166016,0.006626129150390625,0.0073049068450927734
5,ChebyshevDistance,InverseDistanceWeightedVote,EqualWeighting,0.8666666666666667,0.9655172413793104,0.9629629629629629,1.0,0.896551724137931,1.0,0.9565217391304348,1.0,1.0,0.96,9.226799011230469e-05,0.00013065338134765625,0.00010395050048828125,9.202957153320312e-05,8.416175842285156e-05,8.606910705566406e-05,8.416175842285156e-05,8.296966552734375e-05,8.20159912109375e-05,8.606910705566406e-05,0.007862091064453125,0.007880210876464844,0.007302045822143555,0.006253957748413086,0.007052898406982422,0.007189035415649414,0.006779909133911133,0.00666499137878418,0.0062029361724853516,0.006799221038818359
5,ChebyshevDistance,InverseDistanceWeightedVote,InformationGainWeighting,0.8666666666666667,0.9032258064516129,0.896551724137931,0.88,0.896551724137931,0.896551724137931,0.8461538461538461,0.8888888888888888,0.88,0.8888888888888888,8.797645568847656e-05,8.702278137207031e-05,8.606910705566406e-05,8.296966552734375e-05,8.20159912109375e-05,8.320808410644531e-05,8.559226989746094e-05,8.296966552734375e-05,8.225440979003906e-05,8.20159912109375e-05,0.007543087005615234,0.007625102996826172,0.007155895233154297,0.006226062774658203,0.007084846496582031,0.007241010665893555,0.0067822933197021484,0.006720066070556641,0.006181955337524414,0.006776094436645508
5,ChebyshevDistance,InverseDistanceWeightedVote,ReliefFWeighting,0.8571428571428571,0.896551724137931,0.9285714285714286,1.0,0.9629629629629629,1.0,0.9090909090909091,0.96,0.9166666666666666,0.8333333333333334,8.511543273925781e-05,8.606910705566406e-05,8.487701416015625e-05,8.20159912109375e-05,8.296966552734375e-05,8.296966552734375e-05,8.20159912109375e-05,8.273124694824219e-05,8.177757263183594e-05,8.511543273925781e-05,0.007522106170654297,0.007652759552001953,0.007158041000366211,0.006226062774658203,0.007132053375244141,0.0071258544921875,0.00675201416015625,0.006656169891357422,0.0061872005462646484,0.006731986999511719
5,ChebyshevDistance,ShepardsWorkVote,EqualWeighting,0.8666666666666667,0.9655172413793104,0.9629629629629629,1.0,0.896551724137931,0.9629629629629629,0.9565217391304348,1.0,1.0,1.0,8.392333984375e-05,8.606910705566406e-05,8.296966552734375e-05,8.320808410644531e-05,8.296966552734375e-05,8.296966552734375e-05,8.20159912109375e-05,8.225440979003906e-05,8.177757263183594e-05,8.225440979003906e-05,0.007528066635131836,0.007731914520263672,0.0072209835052490234,0.006293773651123047,0.007161855697631836,0.007172822952270508,0.0067920684814453125,0.006711721420288086,0.006209135055541992,0.006780862808227539
5,ChebyshevDistance,ShepardsWorkVote,InformationGainWeighting,0.8666666666666667,0.9032258064516129,0.896551724137931,0.88,0.896551724137931,0.896551724137931,0.8461538461538461,0.8888888888888888,0.88,0.8888888888888888,9.083747863769531e-05,8.821487426757812e-05,8.511543273925781e-05,8.320808410644531e-05,8.296966552734375e-05,8.20159912109375e-05,8.487701416015625e-05,8.225440979003906e-05,8.511543273925781e-05,8.20159912109375e-05,0.007639169692993164,0.007695913314819336,0.0072171688079833984,0.006310939788818359,0.007148027420043945,0.0072519779205322266,0.006841182708740234,0.006759166717529297,0.006212711334228516,0.006827116012573242
5,ChebyshevDistance,ShepardsWorkVote,ReliefFWeighting,0.8148148148148148,0.8571428571428571,0.9629629629629629,1.0,0.9629629629629629,1.0,0.9090909090909091,0.96,0.9565217391304348,0.9090909090909091,8.511543273925781e-05,8.511543273925781e-05,8.296966552734375e-05,8.296966552734375e-05,8.273124694824219e-05,8.296966552734375e-05,8.225440979003906e-05,8.177757263183594e-05,8.893013000488281e-05,8.392333984375e-05,0.007519960403442383,0.0076100826263427734,0.007163047790527344,0.006200075149536133,0.007112979888916016,0.007138967514038086,0.006767988204956055,0.006788015365600586,0.0061550140380859375,0.006794929504394531
7,ManhattanDistance,MajorityClassVote,EqualWeighting,0.8148148148148148,0.9333333333333333,0.88,0.8333333333333334,1.0,0.9629629629629629,0.9090909090909091,0.96,0.9090909090909091,0.9166666666666666,8.296966552734375e-05,8.606910705566406e-05,8.296966552734375e-05,8.296966552734375e-05,8.487701416015625e-05,8.296966552734375e-05,8.20159912109375e-05,8.106231689453125e-05,8.177757263183594e-05,8.296966552734375e-05,0.007600069046020508,0.007707118988037109,0.007275104522705078,0.006266117095947266,0.007192134857177734,0.0072629451751708984,0.006836891174316406,0.0067138671875,0.0062351226806640625,0.006847858428955078
7,ManhattanDistance,MajorityClassVote,InformationGainWeighting,0.8666666666666667,0.9032258064516129,0.896551724137931,0.88,0.896551724137931,0.896551724137931,0.8461538461538461,0.8888888888888888,0.88,0.8888888888888888,8.296966552734375e-05,8.606910705566406e-05,8.296966552734375e-05,8.320808410644531e-05,8.20159912109375e-05,8.606910705566406e-05,8.296966552734375e-05,8.797645568847656e-05,8.20159912109375e-05,8.20159912109375e-05,0.007554054260253906,0.007704019546508789,0.007200002670288086,0.006254673004150391,0.007172822952270508,0.007217884063720703,0.006865024566650391,0.006666898727416992,0.006172895431518555,0.0068378448486328125
7,ManhattanDistance,MajorityClassVote,ReliefFWeighting,0.8571428571428571,0.896551724137931,0.9230769230769231,0.88,1.0,0.9629629629629629,0.9090909090909091,0.9230769230769231,0.9090909090909091,0.9166666666666666,8.392333984375e-05,8.487701416015625e-05,8.392333984375e-05,8.20159912109375e-05,8.225440979003906e-05,8.225440979003906e-05,8.296966552734375e-05,8.296966552734375e-05,8.106231689453125e-05,8.20159912109375e-05,0.007575035095214844,0.0077130794525146484,0.007248878479003906,0.006316661834716797,0.007172822952270508,0.007252931594848633,0.006850004196166992,0.006735086441040039,0.0062329769134521484,0.006829977035522461
7,ManhattanDistance,InverseDistanceWeightedVote,EqualWeighting,0.8148148148148148,0.9655172413793104,0.96,0.88,1.0,1.0,0.9090909090909091,0.96,0.9523809523809523,1.0,8.273124694824219e-05,8.392333984375e-05,8.392333984375e-05,8.7738037109375e-05,8.296966552734375e-05,8.273124694824219e-05,8.296966552734375e-05,8.20159912109375e-05,8.225440979003906e-05,8.20159912109375e-05,0.007555961608886719,0.0076448917388916016,0.007216930389404297,0.0062372684478759766,0.007196903228759766,0.007212162017822266,0.00687098503112793,0.006721973419189453,0.006216764450073242,0.00685572624206543
7,ManhattanDistance,InverseDistanceWeightedVote,InformationGainWeighting,0.8666666666666667,0.9032258064516129,0.896551724137931,0.88,0.896551724137931,0.896551724137931,0.8461538461538461,0.8888888888888888,0.88,0.8888888888888888,8.20159912109375e-05,8.487701416015625e-05,8.392333984375e-05,8.320808410644531e-05,8.296966552734375e-05,8.296966552734375e-05,8.296966552734375e-05,8.20159912109375e-05,8.20159912109375e-05,8.20159912109375e-05,0.007538795471191406,0.007668018341064453,0.007236003875732422,0.0062520503997802734,0.0071489810943603516,0.007184267044067383,0.006793022155761719,0.006702899932861328,0.0061991214752197266,0.00683903694152832
7,ManhattanDistance,InverseDistanceWeightedVote,ReliefFWeighting,0.8571428571428571,0.896551724137931,0.9230769230769231,0.88,1.0,0.9629629629629629,0.9090909090909091,0.9230769230769231,0.9090909090909091,0.9166666666666666,8.416175842285156e-05,8.392333984375e-05,8.320808410644531e-05,8.320808410644531e-05,8.296966552734375e-05,8.511543273925781e-05,8.296966552734375e-05,8.20159912109375e-05,8.296966552734375e-05,8.296966552734375e-05,0.007569789886474609,0.0076751708984375,0.0072438716888427734,0.006285905838012695,0.0071849822998046875,0.007241249084472656,0.006834745407104492,0.0067369937896728516,0.0062520503997802734,0.006838083267211914
7,ManhattanDistance,ShepardsWorkVote,EqualWeighting,0.7692307692307693,1.0,1.0,1.0,0.9230769230769231,1.0,1.0,1.0,1.0,1.0,8.511543273925781e-05,8.58306884765625e-05,8.392333984375e-05,8.296966552734375e-05,8.20159912109375e-05,8.296966552734375e-05,8.296966552734375e-05,8.20159912109375e-05,8.177757263183594e-05,8.320808410644531e-05,0.0076770782470703125,0.007791042327880859,0.007296085357666016,0.006356000900268555,0.007237672805786133,0.007325887680053711,0.006867885589599609,0.006785869598388672,0.00631403923034668,0.0069048404693603516
7,ManhattanDistance,ShepardsWorkVote,InformationGainWeighting,0.8666666666666667,0.9032258064516129,0.896551724137931,0.88,0.896551724137931,0.896551724137931,0.8461538461538461,0.8888888888888888,0.88,0.8888888888888888,8.440017700195312e-05,8.511543273925781e-05,8.296966552734375e-05,8.392333984375e-05,8.20159912109375e-05,8.296966552734375e-05,8.20159912109375e-05,8.20159912109375e-05,8.225440979003906e-05,8.20159912109375e-05,0.007592916488647461,0.007711887359619141,0.007203102111816406,0.00634312629699707,0.007200002670288086,0.0072209835052490234,0.006824970245361328,0.006758928298950195,0.006211757659912109,0.006818056106567383
7,ManhattanDistance,ShepardsWorkVote,ReliefFWeighting,0.7407407407407407,1.0,1.0,1.0,0.9230769230769231,1.0,1.0,1.0,1.0,1.0,8.296966552734375e-05,9.179115295410156e-05,8.511543273925781e-05,8.392333984375e-05,8.296966552734375e-05,8.296966552734375e-05,8.392333984375e-05,8.296966552734375e-05,8.177757263183594e-05,8.797645568847656e-05,0.007683992385864258,0.007703065872192383,0.007298707962036133,0.00631403923034668,0.007257223129272461,0.007282257080078125,0.006865024566650391,0.0067670345306396484,0.006327152252197266,0.006868124008178711
7,EuclideanDistance,MajorityClassVote,EqualWeighting,0.8461538461538461,0.9333333333333333,0.88,0.88,1.0,0.9230769230769231,0.9090909090909091,0.9230769230769231,0.9090909090909091,0.9166666666666666,8.392333984375e-05,8.606910705566406e-05,8.511543273925781e-05,8.273124694824219e-05,8.20159912109375e-05,8.320808410644531e-05,8.511543273925781e-05,8.392333984375e-05,8.296966552734375e-05,8.606910705566406e-05,0.010053873062133789,0.010200023651123047,0.00958395004272461,0.008376836776733398,0.009431838989257812,0.009576797485351562,0.009016752243041992,0.00890803337097168,0.008311033248901367,0.00908207893371582
7,EuclideanDistance,MajorityClassVote,InformationGainWeighting,0.8666666666666667,0.9032258064516129,0.896551724137931,0.88,0.896551724137931,0.896551724137931,0.8461538461538461,0.8888888888888888,0.88,0.8888888888888888,8.416175842285156e-05,8.487701416015625e-05,8.392333984375e-05,8.320808410644531e-05,8.20159912109375e-05,8.296966552734375e-05,8.296966552734375e-05,8.273124694824219e-05,8.20159912109375e-05,8.273124694824219e-05,0.010063886642456055,0.010204315185546875,0.009598255157470703,0.008331060409545898,0.009478092193603516,0.00956583023071289,0.00902414321899414,0.008873224258422852,0.008265018463134766,0.00904703140258789
7,EuclideanDistance,MajorityClassVote,ReliefFWeighting,0.8148148148148148,0.896551724137931,0.9166666666666666,0.88,1.0,1.0,0.9090909090909091,0.96,0.9090909090909091,0.9565217391304348,8.320808410644531e-05,8.58306884765625e-05,8.606910705566406e-05,8.511543273925781e-05,8.296966552734375e-05,8.296966552734375e-05,8.225440979003906e-05,8.296966552734375e-05,8.20159912109375e-05,8.296966552734375e-05,0.010166645050048828,0.010252952575683594,0.009691953659057617,0.008414983749389648,0.00957798957824707,0.009696006774902344,0.009114980697631836,0.008987903594970703,0.008289098739624023,0.009109973907470703
7,EuclideanDistance,InverseDistanceWeightedVote,EqualWeighting,0.8148148148148148,0.9655172413793104,0.9230769230769231,0.88,1.0,1.0,0.9090909090909091,0.96,0.9523809523809523,1.0,8.296966552734375e-05,8.487701416015625e-05,8.296966552734375e-05,8.296966552734375e-05,8.296966552734375e-05,8.296966552734375e-05,8.20159912109375e-05,8.20159912109375e-05,8.177757263183594e-05,8.273124694824219e-05,0.010057926177978516,0.010146141052246094,0.009539127349853516,0.00829005241394043,0.009480953216552734,0.009534358978271484,0.009029865264892578,0.008891820907592773,0.008261919021606445,0.009041070938110352
7,EuclideanDistance,InverseDistanceWeightedVote,InformationGainWeighting,0.8666666666666667,0.9032258064516129,0.896551724137931,0.88,0.896551724137931,0.896551724137931,0.8461538461538461,0.8888888888888888,0.88,0.8888888888888888,8.20159912109375e-05,8.511543273925781e-05,8.320808410644531e-05,9.179115295410156e-05,8.296966552734375e-05,8.177757263183594e-05,8.296966552734375e-05,8.273124694824219e-05,8.177757263183594e-05,8.96453857421875e-05,0.010037899017333984,0.01017308235168457,0.00960993766784668,0.008366823196411133,0.009516000747680664,0.009621143341064453,0.00905609130859375,0.008912324905395508,0.008326292037963867,0.008984088897705078
7,EuclideanDistance,InverseDistanceWeightedVote,ReliefFWeighting,0.8148148148148148,0.896551724137931,0.9166666666666666,0.88,1.0,1.0,0.9090909090909091,0.96,0.9090909090909091,0.9565217391304348,8.487701416015625e-05,8.487701416015625e-05,8.416175842285156e-05,8.177757263183594e-05,8.296966552734375e-05,8.225440979003906e-05,8.20159912109375e-05,8.20159912109375e-05,8.487701416015625e-05,8.20159912109375e-05,0.010124921798706055,0.010254859924316406,0.009624004364013672,0.008421182632446289,0.009511947631835938,0.009608030319213867,0.00913381576538086,0.008952856063842773,0.00834512710571289,0.00917506217956543
7,EuclideanDistance,ShepardsWorkVote,EqualWeighting,0.8148148148148148,0.9655172413793104,1.0,1.0,1.0,1.0,0.9523809523809523,0.96,1.0,1.0,8.273124694824219e-05,8.487701416015625e-05,8.392333984375e-05,8.20159912109375e-05,8.273124694824219e-05,8.296966552734375e-05,8.225440979003906e-05,8.225440979003906e-05,8.177757263183594e-05,8.320808410644531e-05,0.010102033615112305,0.010279178619384766,0.009650230407714844,0.008365154266357422,0.009531974792480469,0.009601116180419922,0.00904083251953125,0.008941173553466797,0.008289098739624023,0.009124755859375
7,EuclideanDistance,ShepardsWorkVote,InformationGainWeighting,0.8666666666666667,0.9032258064516129,0.896551724137931,0.88,0.896551724137931,0.896551724137931,0.8461538461538461,0.8888888888888888,0.88,0.8888888888888888,8.893013000488281e-05,8.702278137207031e-05,8.511543273925781e-05,8.320808410644531e-05,8.296966552734375e-05,8.392333984375e-05,8.273124694824219e-05,8.20159912109375e-05,0.00014519691467285156,0.00010895729064941406,0.010224103927612305,0.010313034057617188,0.009710073471069336,0.0084381103515625,0.009610176086425781,0.009708881378173828,0.009231090545654297,0.009245872497558594,0.008563041687011719,0.00906515121459961
7,EuclideanDistance,ShepardsWorkVote,ReliefFWeighting,0.7692307692307693,0.9655172413793104,1.0,1.0,0.9230769230769231,1.0,0.9523809523809523,1.0,1.0,1.0,8.296966552734375e-05,8.606910705566406e-05,8.606910705566406e-05,8.273124694824219e-05,8.296966552734375e-05,8.296966552734375e-05,8.702278137207031e-05,8.225440979003906e-05,8.702278137207031e-05,8.20159912109375e-05,0.010462284088134766,0.010380029678344727,0.009936809539794922,0.008671045303344727,0.009662866592407227,0.009986162185668945,0.009413003921508789,0.00927281379699707,0.008632183074951172,0.009172916412353516
7,ChebyshevDistance,MajorityClassVote,EqualWeighting,0.8666666666666667,0.9032258064516129,0.896551724137931,0.88,0.896551724137931,0.896551724137931,0.8461538461538461,0.8888888888888888,0.88,0.8888888888888888,8.869171142578125e-05,8.487701416015625e-05,9.226799011230469e-05,8.296966552734375e-05,8.606910705566406e-05,8.511543273925781e-05,8.177757263183594e-05,8.225440979003906e-05,8.296966552734375e-05,8.20159912109375e-05,0.007558107376098633,0.0076601505279541016,0.007192134857177734,0.006268978118896484,0.007065773010253906,0.007208108901977539,0.006788730621337891,0.006674051284790039,0.00618290901184082,0.006796121597290039
7,ChebyshevDistance,MajorityClassVote,InformationGainWeighting,0.8666666666666667,0.9032258064516129,0.896551724137931,0.88,0.896551724137931,0.896551724137931,0.8461538461538461,0.8888888888888888,0.88,0.8888888888888888,8.58306884765625e-05,8.392333984375e-05,8.416175842285156e-05,8.296966552734375e-05,8.296966552734375e-05,8.392333984375e-05,8.296966552734375e-05,8.20159912109375e-05,8.106231689453125e-05,8.225440979003906e-05,0.007627010345458984,0.007626056671142578,0.00721287727355957,0.006284952163696289,0.0071299076080322266,0.007193088531494141,0.006783962249755859,0.006676912307739258,0.0061740875244140625,0.006828784942626953
7,ChebyshevDistance,MajorityClassVote,ReliefFWeighting,0.8148148148148148,0.9032258064516129,0.9285714285714286,0.9565217391304348,0.9629629629629629,0.9629629629629629,0.9090909090909091,0.96,0.88,0.8333333333333334,8.511543273925781e-05,8.416175842285156e-05,8.392333984375e-05,8.511543273925781e-05,8.392333984375e-05,8.273124694824219e-05,8.487701416015625e-05,8.296966552734375e-05,8.20159912109375e-05,8.20159912109375e-05,0.007530927658081055,0.007658958435058594,0.007235050201416016,0.006260871887207031,0.007148027420043945,0.0071790218353271484,0.0068318843841552734,0.00675201416015625,0.006223917007446289,0.0068149566650390625
7,ChebyshevDistance,InverseDistanceWeightedVote,EqualWeighting,0.8666666666666667,0.9655172413793104,0.9629629629629629,0.9166666666666666,0.896551724137931,1.0,0.9166666666666666,1.0,0.9565217391304348,0.8888888888888888,8.20159912109375e-05,8.487701416015625e-05,8.392333984375e-05,8.273124694824219e-05,8.20159912109375e-05,8.20159912109375e-05,8.296966552734375e-05,8.177757263183594e-05,8.20159912109375e-05,8.296966552734375e-05,0.007536172866821289,0.007642984390258789,0.007203102111816406,0.006242275238037109,0.007108926773071289,0.0071561336517333984,0.00676417350769043,0.006670951843261719,0.006185054779052734,0.0067441463470458984
7,ChebyshevDistance,InverseDistanceWeightedVote,InformationGainWeighting,0.8666666666666667,0.9032258064516129,0.896551724137931,0.88,0.896551724137931,0.896551724137931,0.8461538461538461,0.8888888888888888,0.88,0.8888888888888888,8.606910705566406e-05,8.487701416015625e-05,8.320808410644531e-05,8.20159912109375e-05,8.20159912109375e-05,8.20159912109375e-05,8.20159912109375e-05,8.20159912109375e-05,8.106231689453125e-05,8.296966552734375e-05,0.007508039474487305,0.007626056671142578,0.007164955139160156,0.006196260452270508,0.00707697868347168,0.007187843322753906,0.006769895553588867,0.0066680908203125,0.0062007904052734375,0.006792783737182617
7,ChebyshevDistance,InverseDistanceWeightedVote,ReliefFWeighting,0.8148148148148148,0.9333333333333333,0.9285714285714286,0.9565217391304348,0.9629629629629629,1.0,0.9090909090909091,0.96,0.9166666666666666,0.8333333333333334,8.702278137207031e-05,8.916854858398438e-05,8.296966552734375e-05,9.417533874511719e-05,8.606910705566406e-05,8.416175842285156e-05,8.273124694824219e-05,8.296966552734375e-05,8.177757263183594e-05,8.177757263183594e-05,0.0075719356536865234,0.007658958435058594,0.0072078704833984375,0.006217002868652344,0.007132053375244141,0.0071299076080322266,0.006853342056274414,0.006673097610473633,0.0061931610107421875,0.0067861080169677734
7,ChebyshevDistance,ShepardsWorkVote,EqualWeighting,0.8666666666666667,0.9655172413793104,0.9629629629629629,0.9565217391304348,0.896551724137931,0.9629629629629629,0.9166666666666666,1.0,0.9166666666666666,0.8888888888888888,8.392333984375e-05,8.511543273925781e-05,8.273124694824219e-05,8.20159912109375e-05,8.20159912109375e-05,8.320808410644531e-05,8.20159912109375e-05,9.179115295410156e-05,0.00010013580322265625,8.7738037109375e-05,0.007570981979370117,0.007681131362915039,0.007166147232055664,0.006242036819458008,0.007150173187255859,0.007209062576293945,0.006814241409301758,0.0067899227142333984,0.006224870681762695,0.006812334060668945
7,ChebyshevDistance,ShepardsWorkVote,InformationGainWeighting,0.8666666666666667,0.9032258064516129,0.896551724137931,0.88,0.896551724137931,0.896551724137931,0.8461538461538461,0.8888888888888888,0.88,0.8888888888888888,9.107589721679688e-05,8.606910705566406e-05,8.511543273925781e-05,8.392333984375e-05,8.20159912109375e-05,8.320808410644531e-05,8.416175842285156e-05,8.296966552734375e-05,8.20159912109375e-05,8.678436279296875e-05,0.00764918327331543,0.007715702056884766,0.007279157638549805,0.006286144256591797,0.007178068161010742,0.007248878479003906,0.0068509578704833984,0.0067348480224609375,0.00621795654296875,0.006882190704345703
7,ChebyshevDistance,ShepardsWorkVote,ReliefFWeighting,0.8148148148148148,0.896551724137931,0.9629629629629629,1.0,0.9629629629629629,1.0,0.9090909090909091,0.96,0.9565217391304348,0.9090909090909091,8.821487426757812e-05,8.606910705566406e-05,8.392333984375e-05,8.225440979003906e-05,8.177757263183594e-05,8.273124694824219e-05,8.20159912109375e-05,8.177757263183594e-05,8.20159912109375e-05,8.20159912109375e-05,0.007591724395751953,0.00772404670715332,0.007235050201416016,0.00626683235168457,0.007165193557739258,0.007227897644042969,0.006829023361206055,0.00669407844543457,0.006262063980102539,0.0068738460540771484
